[
{
    "pk": 1, 
    "model": "carnatic.taala", 
    "fields": {
        "uuid": "c788c38a-b53a-48cb-b7bf-d11769260c4d", 
        "images": [
            4298
        ], 
        "name": "\u0100di", 
        "source": null, 
        "num_aksharas": 32, 
        "references": [], 
        "common_name": "adi", 
        "description": null
    }
},
{
    "pk": 2, 
    "model": "carnatic.taala", 
    "fields": {
        "uuid": "8c6c26db-e01a-4eef-ae0b-9f7e31a926e8", 
        "images": [
            4299
        ], 
        "name": "R\u016bpaka", 
        "source": null, 
        "num_aksharas": 12, 
        "references": [], 
        "common_name": "rupaka", 
        "description": null
    }
},
{
    "pk": 3, 
    "model": "carnatic.taala", 
    "fields": {
        "uuid": "7eb02ed9-2dcb-471f-9a8a-a09aa5cea633", 
        "images": [
            4300
        ], 
        "name": "Mi\u015bra ch\u0101pu", 
        "source": null, 
        "num_aksharas": 14, 
        "references": [], 
        "common_name": "mishra chapu", 
        "description": null
    }
},
{
    "pk": 4, 
    "model": "carnatic.taala", 
    "fields": {
        "uuid": "e22c4e94-47f5-4190-88a3-d1f31ef3a84f", 
        "images": [
            4301
        ], 
        "name": "Kha\u1e47\u1e0da ch\u0101pu", 
        "source": null, 
        "num_aksharas": 10, 
        "references": [], 
        "common_name": "khanda chapu", 
        "description": null
    }
},
{
    "pk": 5, 
    "model": "carnatic.taala", 
    "fields": {
        "uuid": "e16a12c9-c383-4824-b5e0-1799d71799a6", 
        "images": [
            4302
        ], 
        "name": "\u0112ka", 
        "source": null, 
        "num_aksharas": 16, 
        "references": [], 
        "common_name": "eka", 
        "description": null
    }
},
{
    "pk": 6, 
    "model": "carnatic.taala", 
    "fields": {
        "uuid": "d498f683-5a26-414f-8f00-2319a1fcdae3", 
        "images": [], 
        "name": "Ti\u015bra-j\u0101ti \u0113ka", 
        "source": null, 
        "num_aksharas": 12, 
        "references": [], 
        "common_name": "tishra eka", 
        "description": null
    }
},
{
    "pk": 7, 
    "model": "carnatic.taala", 
    "fields": {
        "uuid": "5b14bb0e-ecde-448a-90ca-db77650adec4", 
        "images": [
            4303
        ], 
        "name": "Dhr\u0325va", 
        "source": null, 
        "num_aksharas": 56, 
        "references": [], 
        "common_name": "dhruva", 
        "description": null
    }
},
{
    "pk": 8, 
    "model": "carnatic.taala", 
    "fields": {
        "uuid": "d25505fb-6ae1-4194-b04c-e03bf7b3c30b", 
        "images": [
            4304
        ], 
        "name": "Ma\u1e6dhya", 
        "source": null, 
        "num_aksharas": 40, 
        "references": [], 
        "common_name": "matya", 
        "description": null
    }
},
{
    "pk": 9, 
    "model": "carnatic.taala", 
    "fields": {
        "uuid": "776e5549-0457-46e6-806b-358066e9db1c", 
        "images": [
            4305
        ], 
        "name": "Mi\u015bra-j\u0101ti jha\u1e41pe", 
        "source": null, 
        "num_aksharas": 40, 
        "references": [], 
        "common_name": "mishra jhampe", 
        "description": null
    }
},
{
    "pk": 10, 
    "model": "carnatic.taala", 
    "fields": {
        "uuid": "6e790441-bc9b-4bd4-850a-eee3927324b4", 
        "images": [
            4306
        ], 
        "name": "Ti\u015bra-j\u0101ti tripu\u1e6da ", 
        "source": null, 
        "num_aksharas": 28, 
        "references": [], 
        "common_name": "tishra triputa", 
        "description": null
    }
},
{
    "pk": 11, 
    "model": "carnatic.taala", 
    "fields": {
        "uuid": "8cbfe57d-06ad-4409-bd8f-18c37595bf8a", 
        "images": [
            4307
        ], 
        "name": "A\u1e6d\u1e6da", 
        "source": null, 
        "num_aksharas": 56, 
        "references": [], 
        "common_name": "atta", 
        "description": null
    }
},
{
    "pk": 13, 
    "model": "carnatic.taala", 
    "fields": {
        "uuid": "445602bb-c654-40db-b5f6-0e525dedd0bc", 
        "images": [
            4308
        ], 
        "name": "Catura\u015bra-j\u0101ti jha\u1e41pe", 
        "source": null, 
        "num_aksharas": 28, 
        "references": [], 
        "common_name": "chaturashra-jaati jhampe", 
        "description": null
    }
},
{
    "pk": 14, 
    "model": "carnatic.taala", 
    "fields": {
        "uuid": "d162ee46-ce69-4c0a-8975-2d4fd82f991d", 
        "images": [
            4309
        ], 
        "name": "D\u0113\u015b\u0101di", 
        "source": null, 
        "num_aksharas": 16, 
        "references": [], 
        "common_name": "deshaadi", 
        "description": null
    }
},
{
    "pk": 15, 
    "model": "carnatic.taala", 
    "fields": {
        "uuid": "b4653eac-74e2-4a15-9e92-824862138686", 
        "images": [
            4310
        ], 
        "name": "Kha\u1e47\u1e0da-j\u0101ti tripu\u1e6da ", 
        "source": null, 
        "num_aksharas": 36, 
        "references": [], 
        "common_name": "khanda-jaati triputa", 
        "description": null
    }
},
{
    "pk": 16, 
    "model": "carnatic.taala", 
    "fields": {
        "uuid": "d9b897ca-ce43-4b6c-823f-c0110bcaffc2", 
        "images": [
            4311
        ], 
        "name": "Kha\u1e47\u1e0da-j\u0101ti \u0113ka", 
        "source": null, 
        "num_aksharas": 20, 
        "references": [], 
        "common_name": "khanda-jaati eka", 
        "description": null
    }
},
{
    "pk": 17, 
    "model": "carnatic.taala", 
    "fields": {
        "uuid": "f0e02b48-d38b-49e9-a23c-6c9a0e310e4f", 
        "images": [
            4312
        ], 
        "name": "Madhy\u0101di ", 
        "source": null, 
        "num_aksharas": 16, 
        "references": [], 
        "common_name": "madhyaadi", 
        "description": null
    }
},
{
    "pk": 18, 
    "model": "carnatic.taala", 
    "fields": {
        "uuid": "6471d972-00c7-4eb0-b595-58c477d597f9", 
        "images": [
            4313
        ], 
        "name": "Mah\u0101lak\u1e63mi ", 
        "source": null, 
        "num_aksharas": 76, 
        "references": [], 
        "common_name": "mahaalakshmi", 
        "description": null
    }
},
{
    "pk": 19, 
    "model": "carnatic.taala", 
    "fields": {
        "uuid": "1bda75bc-ef9d-40fe-80c2-8530d07ee99e", 
        "images": [
            4314
        ], 
        "name": "Mi\u015bra-j\u0101ti r\u016bpaka", 
        "source": null, 
        "num_aksharas": 36, 
        "references": [], 
        "common_name": "mishra-jaati rupaka", 
        "description": null
    }
},
{
    "pk": 1, 
    "model": "carnatic.taalaalias", 
    "fields": {
        "name": "khanda ekam", 
        "taala": 16
    }
},
{
    "pk": 2, 
    "model": "carnatic.taalaalias", 
    "fields": {
        "name": "adi tisra", 
        "taala": 1
    }
},
{
    "pk": 3, 
    "model": "carnatic.taalaalias", 
    "fields": {
        "name": "aadi", 
        "taala": 1
    }
},
{
    "pk": 4, 
    "model": "carnatic.taalaalias", 
    "fields": {
        "name": "adi khanda", 
        "taala": 1
    }
},
{
    "pk": 5, 
    "model": "carnatic.taalaalias", 
    "fields": {
        "name": "adi chatusra", 
        "taala": 1
    }
},
{
    "pk": 6, 
    "model": "carnatic.taalaalias", 
    "fields": {
        "name": "adi chaturasra", 
        "taala": 1
    }
},
{
    "pk": 7, 
    "model": "carnatic.taalaalias", 
    "fields": {
        "name": "adi chaturashra", 
        "taala": 1
    }
},
{
    "pk": 8, 
    "model": "carnatic.taalaalias", 
    "fields": {
        "name": "chaturasra rupakam", 
        "taala": 2
    }
},
{
    "pk": 9, 
    "model": "carnatic.taalaalias", 
    "fields": {
        "name": "chatusra rupakam", 
        "taala": 2
    }
},
{
    "pk": 10, 
    "model": "carnatic.taalaalias", 
    "fields": {
        "name": "chatusra rupakam khanda gathi", 
        "taala": 2
    }
},
{
    "pk": 11, 
    "model": "carnatic.taalaalias", 
    "fields": {
        "name": "chapu", 
        "taala": 3
    }
},
{
    "pk": 12, 
    "model": "carnatic.taalaalias", 
    "fields": {
        "name": "misra laghu", 
        "taala": 3
    }
},
{
    "pk": 13, 
    "model": "carnatic.taalaalias", 
    "fields": {
        "name": "misram", 
        "taala": 3
    }
},
{
    "pk": 14, 
    "model": "carnatic.taalaalias", 
    "fields": {
        "name": "chaturashra eka", 
        "taala": 5
    }
},
{
    "pk": 15, 
    "model": "carnatic.taalaalias", 
    "fields": {
        "name": "ekam", 
        "taala": 5
    }
},
{
    "pk": 16, 
    "model": "carnatic.taalaalias", 
    "fields": {
        "name": "jampe", 
        "taala": 9
    }
},
{
    "pk": 17, 
    "model": "carnatic.taalaalias", 
    "fields": {
        "name": "jhampa", 
        "taala": 9
    }
},
{
    "pk": 18, 
    "model": "carnatic.taalaalias", 
    "fields": {
        "name": "jhaptal", 
        "taala": 9
    }
},
{
    "pk": 19, 
    "model": "carnatic.taalaalias", 
    "fields": {
        "name": "jampa", 
        "taala": 9
    }
},
{
    "pk": 20, 
    "model": "carnatic.taalaalias", 
    "fields": {
        "name": "tisra triputa tisra gathi", 
        "taala": 10
    }
},
{
    "pk": 21, 
    "model": "carnatic.taalaalias", 
    "fields": {
        "name": "tisra triputa", 
        "taala": 10
    }
},
{
    "pk": 22, 
    "model": "carnatic.taalaalias", 
    "fields": {
        "name": "triputa", 
        "taala": 10
    }
},
{
    "pk": 23, 
    "model": "carnatic.taalaalias", 
    "fields": {
        "name": "ata", 
        "taala": 11
    }
},
{
    "pk": 24, 
    "model": "carnatic.taalaalias", 
    "fields": {
        "name": "khanda ata", 
        "taala": 11
    }
},
{
    "pk": 25, 
    "model": "carnatic.taalaalias", 
    "fields": {
        "name": "khanda jati ata", 
        "taala": 11
    }
},
{
    "pk": 26, 
    "model": "carnatic.taalaalias", 
    "fields": {
        "name": "khanda atta", 
        "taala": 11
    }
},
{
    "pk": 31, 
    "model": "carnatic.taalaalias", 
    "fields": {
        "name": "chatusra jhampa", 
        "taala": 13
    }
},
{
    "pk": 32, 
    "model": "carnatic.taalaalias", 
    "fields": {
        "name": "chatusra jati jhampe", 
        "taala": 13
    }
},
{
    "pk": 33, 
    "model": "carnatic.taalaalias", 
    "fields": {
        "name": "desadi", 
        "taala": 14
    }
},
{
    "pk": 34, 
    "model": "carnatic.taalaalias", 
    "fields": {
        "name": "khanda triputa", 
        "taala": 15
    }
},
{
    "pk": 35, 
    "model": "carnatic.taalaalias", 
    "fields": {
        "name": "kanda triputa", 
        "taala": 15
    }
},
{
    "pk": 37, 
    "model": "carnatic.taalaalias", 
    "fields": {
        "name": "madhyad", 
        "taala": 17
    }
},
{
    "pk": 38, 
    "model": "carnatic.taalaalias", 
    "fields": {
        "name": "misra rupakam", 
        "taala": 19
    }
},
{
    "pk": 39, 
    "model": "carnatic.taalaalias", 
    "fields": {
        "name": "chatusrarupakam", 
        "taala": 2
    }
},
{
    "pk": 40, 
    "model": "carnatic.taalaalias", 
    "fields": {
        "name": "adi (tishra nade)", 
        "taala": 1
    }
},
{
    "pk": 41, 
    "model": "carnatic.taalaalias", 
    "fields": {
        "name": "adi (tisram)", 
        "taala": 1
    }
},
{
    "pk": 42, 
    "model": "carnatic.taalaalias", 
    "fields": {
        "name": "tisra gati adi", 
        "taala": 1
    }
},
{
    "pk": 43, 
    "model": "carnatic.taalaalias", 
    "fields": {
        "name": "tisra nadai", 
        "taala": 1
    }
},
{
    "pk": 44, 
    "model": "carnatic.taalaalias", 
    "fields": {
        "name": "rupakam", 
        "taala": 2
    }
},
{
    "pk": 4298, 
    "model": "data.image", 
    "fields": {
        "source": null, 
        "image": "images/carnatic-taala-adi.png", 
        "small_image": ""
    }
},
{
    "pk": 4299, 
    "model": "data.image", 
    "fields": {
        "source": null, 
        "image": "images/carnatic-taala-rupaka.png", 
        "small_image": ""
    }
},
{
    "pk": 4300, 
    "model": "data.image", 
    "fields": {
        "source": null, 
        "image": "images/carnatic-taala-mishra_chapu.png", 
        "small_image": ""
    }
},
{
    "pk": 4301, 
    "model": "data.image", 
    "fields": {
        "source": null, 
        "image": "images/carnatic-taala-khanda_chapu.png", 
        "small_image": ""
    }
},
{
    "pk": 4302, 
    "model": "data.image", 
    "fields": {
        "source": null, 
        "image": "images/carnatic-taala-eka.png", 
        "small_image": ""
    }
},
{
    "pk": 4303, 
    "model": "data.image", 
    "fields": {
        "source": null, 
        "image": "images/carnatic-taala-dhruva.png", 
        "small_image": ""
    }
},
{
    "pk": 4304, 
    "model": "data.image", 
    "fields": {
        "source": null, 
        "image": "images/carnatic-taala-matya.png", 
        "small_image": ""
    }
},
{
    "pk": 4305, 
    "model": "data.image", 
    "fields": {
        "source": null, 
        "image": "images/carnatic-taala-mishra_jhampe.png", 
        "small_image": ""
    }
},
{
    "pk": 4306, 
    "model": "data.image", 
    "fields": {
        "source": null, 
        "image": "images/carnatic-taala-tishra_triputa.png", 
        "small_image": ""
    }
},
{
    "pk": 4307, 
    "model": "data.image", 
    "fields": {
        "source": null, 
        "image": "images/carnatic-taala-atta.png", 
        "small_image": ""
    }
},
{
    "pk": 4308, 
    "model": "data.image", 
    "fields": {
        "source": null, 
        "image": "images/carnatic-taala-chaturashra-jaati_jhampe.png", 
        "small_image": ""
    }
},
{
    "pk": 4309, 
    "model": "data.image", 
    "fields": {
        "source": null, 
        "image": "images/carnatic-taala-deshaadi.png", 
        "small_image": ""
    }
},
{
    "pk": 4310, 
    "model": "data.image", 
    "fields": {
        "source": null, 
        "image": "images/carnatic-taala-khanda-jaati_triputa.png", 
        "small_image": ""
    }
},
{
    "pk": 4311, 
    "model": "data.image", 
    "fields": {
        "source": null, 
        "image": "images/carnatic-taala-khanda-jaati_eka.png", 
        "small_image": ""
    }
},
{
    "pk": 4312, 
    "model": "data.image", 
    "fields": {
        "source": null, 
        "image": "images/carnatic-taala-madhyaadi.png", 
        "small_image": ""
    }
},
{
    "pk": 4313, 
    "model": "data.image", 
    "fields": {
        "source": null, 
        "image": "images/carnatic-taala-mahaalakshmi.png", 
        "small_image": ""
    }
},
{
    "pk": 4314, 
    "model": "data.image", 
    "fields": {
        "source": null, 
        "image": "images/carnatic-taala-mishra-jaati_rupaka.png", 
        "small_image": ""
    }
}
]
