[
{
    "model": "carnatic.taala",
    "pk": 1,
    "fields": {
        "name": "\u0100di",
        "common_name": "adi",
        "num_aksharas": 32,
        "uuid": "c788c38a-b53a-48cb-b7bf-d11769260c4d",
        "image": 4298
    }
},
{
    "model": "carnatic.taala",
    "pk": 2,
    "fields": {
        "name": "R\u016bpaka",
        "common_name": "rupaka",
        "num_aksharas": 12,
        "uuid": "8c6c26db-e01a-4eef-ae0b-9f7e31a926e8",
        "image": 4299
    }
},
{
    "model": "carnatic.taala",
    "pk": 3,
    "fields": {
        "name": "Mi\u015bra ch\u0101pu",
        "common_name": "mishra chapu",
        "num_aksharas": 14,
        "uuid": "7eb02ed9-2dcb-471f-9a8a-a09aa5cea633",
        "image": 4300
    }
},
{
    "model": "carnatic.taala",
    "pk": 4,
    "fields": {
        "name": "Kha\u1e47\u1e0da ch\u0101pu",
        "common_name": "khanda chapu",
        "num_aksharas": 10,
        "uuid": "e22c4e94-47f5-4190-88a3-d1f31ef3a84f",
        "image": 4301
    }
},
{
    "model": "carnatic.taala",
    "pk": 5,
    "fields": {
        "name": "\u0112ka",
        "common_name": "eka",
        "num_aksharas": 16,
        "uuid": "e16a12c9-c383-4824-b5e0-1799d71799a6",
        "image": 4302
    }
},
{
    "model": "carnatic.taala",
    "pk": 6,
    "fields": {
        "name": "Ti\u015bra-j\u0101ti \u0113ka",
        "common_name": "tishra eka",
        "num_aksharas": 12,
        "uuid": "d498f683-5a26-414f-8f00-2319a1fcdae3",
        "image": null
    }
},
{
    "model": "carnatic.taala",
    "pk": 7,
    "fields": {
        "name": "Dhr\u0325va",
        "common_name": "dhruva",
        "num_aksharas": 56,
        "uuid": "5b14bb0e-ecde-448a-90ca-db77650adec4",
        "image": 4303
    }
},
{
    "model": "carnatic.taala",
    "pk": 8,
    "fields": {
        "name": "Ma\u1e6dhya",
        "common_name": "matya",
        "num_aksharas": 40,
        "uuid": "d25505fb-6ae1-4194-b04c-e03bf7b3c30b",
        "image": 4304
    }
},
{
    "model": "carnatic.taala",
    "pk": 9,
    "fields": {
        "name": "Mi\u015bra-j\u0101ti jha\u1e41pe",
        "common_name": "mishra jhampe",
        "num_aksharas": 40,
        "uuid": "776e5549-0457-46e6-806b-358066e9db1c",
        "image": 4305
    }
},
{
    "model": "carnatic.taala",
    "pk": 10,
    "fields": {
        "name": "Ti\u015bra-j\u0101ti tripu\u1e6da ",
        "common_name": "tishra triputa",
        "num_aksharas": 28,
        "uuid": "6e790441-bc9b-4bd4-850a-eee3927324b4",
        "image": 4306
    }
},
{
    "model": "carnatic.taala",
    "pk": 11,
    "fields": {
        "name": "A\u1e6d\u1e6da",
        "common_name": "atta",
        "num_aksharas": 56,
        "uuid": "8cbfe57d-06ad-4409-bd8f-18c37595bf8a",
        "image": 4307
    }
},
{
    "model": "carnatic.taala",
    "pk": 13,
    "fields": {
        "name": "Catura\u015bra-j\u0101ti jha\u1e41pe",
        "common_name": "chaturashra-jaati jhampe",
        "num_aksharas": 28,
        "uuid": "445602bb-c654-40db-b5f6-0e525dedd0bc",
        "image": 4308
    }
},
{
    "model": "carnatic.taala",
    "pk": 14,
    "fields": {
        "name": "D\u0113\u015b\u0101di",
        "common_name": "deshaadi",
        "num_aksharas": 16,
        "uuid": "d162ee46-ce69-4c0a-8975-2d4fd82f991d",
        "image": 4309
    }
},
{
    "model": "carnatic.taala",
    "pk": 15,
    "fields": {
        "name": "Kha\u1e47\u1e0da-j\u0101ti tripu\u1e6da ",
        "common_name": "khanda-jaati triputa",
        "num_aksharas": 36,
        "uuid": "b4653eac-74e2-4a15-9e92-824862138686",
        "image": 4310
    }
},
{
    "model": "carnatic.taala",
    "pk": 16,
    "fields": {
        "name": "Kha\u1e47\u1e0da-j\u0101ti \u0113ka",
        "common_name": "khanda-jaati eka",
        "num_aksharas": 20,
        "uuid": "d9b897ca-ce43-4b6c-823f-c0110bcaffc2",
        "image": 4311
    }
},
{
    "model": "carnatic.taala",
    "pk": 17,
    "fields": {
        "name": "Madhy\u0101di ",
        "common_name": "madhyaadi",
        "num_aksharas": 16,
        "uuid": "f0e02b48-d38b-49e9-a23c-6c9a0e310e4f",
        "image": 4312
    }
},
{
    "model": "carnatic.taala",
    "pk": 18,
    "fields": {
        "name": "Mah\u0101lak\u1e63mi ",
        "common_name": "mahaalakshmi",
        "num_aksharas": 76,
        "uuid": "6471d972-00c7-4eb0-b595-58c477d597f9",
        "image": 4313
    }
},
{
    "model": "carnatic.taala",
    "pk": 19,
    "fields": {
        "name": "Mi\u015bra-j\u0101ti r\u016bpaka",
        "common_name": "mishra-jaati rupaka",
        "num_aksharas": 36,
        "uuid": "1bda75bc-ef9d-40fe-80c2-8530d07ee99e",
        "image": 4314
    }
},
{
    "model": "carnatic.taala",
    "pk": 20,
    "fields": {
        "name": "Kha\u1e47\u1e0da-j\u0101ti jha\u1e41pe",
        "common_name": "Khanda Jhampa",
        "num_aksharas": null,
        "uuid": "a4486491-332d-4aee-b4d4-471080701edd",
        "image": null
    }
},
{
    "model": "carnatic.taala",
    "pk": 21,
    "fields": {
        "name": "Catura\u015bra-j\u0101ti A\u1e6d\u1e6da",
        "common_name": "Chaturasa Atta",
        "num_aksharas": null,
        "uuid": "4fb0442b-a96e-42ef-8048-e995f362054a",
        "image": null
    }
},
{
    "model": "carnatic.taala",
    "pk": 22,
    "fields": {
        "name": "Mi\u015bra-j\u0101ti tripu\u1e6da",
        "common_name": "Mishra Triputa",
        "num_aksharas": null,
        "uuid": "b2f419b5-c7d3-4f9a-b9ef-54298131216c",
        "image": null
    }
},
{
    "model": "carnatic.taala",
    "pk": 24,
    "fields": {
        "name": "Chanda",
        "common_name": "Chanda",
        "num_aksharas": null,
        "uuid": "a803a41d-ac38-4b78-9fc3-e55f6d6238cc",
        "image": null
    }
},
{
    "model": "carnatic.taalaalias",
    "pk": 1,
    "fields": {
        "name": "khanda ekam",
        "taala": 16
    }
},
{
    "model": "carnatic.taalaalias",
    "pk": 2,
    "fields": {
        "name": "adi tisra",
        "taala": 1
    }
},
{
    "model": "carnatic.taalaalias",
    "pk": 3,
    "fields": {
        "name": "aadi",
        "taala": 1
    }
},
{
    "model": "carnatic.taalaalias",
    "pk": 4,
    "fields": {
        "name": "adi khanda",
        "taala": 1
    }
},
{
    "model": "carnatic.taalaalias",
    "pk": 5,
    "fields": {
        "name": "adi chatusra",
        "taala": 1
    }
},
{
    "model": "carnatic.taalaalias",
    "pk": 6,
    "fields": {
        "name": "adi chaturasra",
        "taala": 1
    }
},
{
    "model": "carnatic.taalaalias",
    "pk": 7,
    "fields": {
        "name": "adi chaturashra",
        "taala": 1
    }
},
{
    "model": "carnatic.taalaalias",
    "pk": 8,
    "fields": {
        "name": "chaturasra rupakam",
        "taala": 2
    }
},
{
    "model": "carnatic.taalaalias",
    "pk": 9,
    "fields": {
        "name": "chatusra rupakam",
        "taala": 2
    }
},
{
    "model": "carnatic.taalaalias",
    "pk": 10,
    "fields": {
        "name": "chatusra rupakam khanda gathi",
        "taala": 2
    }
},
{
    "model": "carnatic.taalaalias",
    "pk": 11,
    "fields": {
        "name": "chapu",
        "taala": 3
    }
},
{
    "model": "carnatic.taalaalias",
    "pk": 12,
    "fields": {
        "name": "misra laghu",
        "taala": 3
    }
},
{
    "model": "carnatic.taalaalias",
    "pk": 13,
    "fields": {
        "name": "misram",
        "taala": 3
    }
},
{
    "model": "carnatic.taalaalias",
    "pk": 14,
    "fields": {
        "name": "chaturashra eka",
        "taala": 5
    }
},
{
    "model": "carnatic.taalaalias",
    "pk": 15,
    "fields": {
        "name": "ekam",
        "taala": 5
    }
},
{
    "model": "carnatic.taalaalias",
    "pk": 16,
    "fields": {
        "name": "jampe",
        "taala": 9
    }
},
{
    "model": "carnatic.taalaalias",
    "pk": 17,
    "fields": {
        "name": "jhampa",
        "taala": 9
    }
},
{
    "model": "carnatic.taalaalias",
    "pk": 18,
    "fields": {
        "name": "jhaptal",
        "taala": 9
    }
},
{
    "model": "carnatic.taalaalias",
    "pk": 19,
    "fields": {
        "name": "jampa",
        "taala": 9
    }
},
{
    "model": "carnatic.taalaalias",
    "pk": 20,
    "fields": {
        "name": "tisra triputa tisra gathi",
        "taala": 10
    }
},
{
    "model": "carnatic.taalaalias",
    "pk": 21,
    "fields": {
        "name": "tisra triputa",
        "taala": 10
    }
},
{
    "model": "carnatic.taalaalias",
    "pk": 22,
    "fields": {
        "name": "triputa",
        "taala": 10
    }
},
{
    "model": "carnatic.taalaalias",
    "pk": 23,
    "fields": {
        "name": "ata",
        "taala": 11
    }
},
{
    "model": "carnatic.taalaalias",
    "pk": 24,
    "fields": {
        "name": "khanda ata",
        "taala": 11
    }
},
{
    "model": "carnatic.taalaalias",
    "pk": 25,
    "fields": {
        "name": "khanda jati ata",
        "taala": 11
    }
},
{
    "model": "carnatic.taalaalias",
    "pk": 26,
    "fields": {
        "name": "khanda atta",
        "taala": 11
    }
},
{
    "model": "carnatic.taalaalias",
    "pk": 31,
    "fields": {
        "name": "chatusra jhampa",
        "taala": 13
    }
},
{
    "model": "carnatic.taalaalias",
    "pk": 32,
    "fields": {
        "name": "chatusra jati jhampe",
        "taala": 13
    }
},
{
    "model": "carnatic.taalaalias",
    "pk": 33,
    "fields": {
        "name": "desadi",
        "taala": 14
    }
},
{
    "model": "carnatic.taalaalias",
    "pk": 34,
    "fields": {
        "name": "khanda triputa",
        "taala": 15
    }
},
{
    "model": "carnatic.taalaalias",
    "pk": 35,
    "fields": {
        "name": "kanda triputa",
        "taala": 15
    }
},
{
    "model": "carnatic.taalaalias",
    "pk": 37,
    "fields": {
        "name": "madhyad",
        "taala": 17
    }
},
{
    "model": "carnatic.taalaalias",
    "pk": 38,
    "fields": {
        "name": "misra rupakam",
        "taala": 19
    }
},
{
    "model": "carnatic.taalaalias",
    "pk": 39,
    "fields": {
        "name": "chatusrarupakam",
        "taala": 2
    }
},
{
    "model": "carnatic.taalaalias",
    "pk": 40,
    "fields": {
        "name": "adi (tishra nade)",
        "taala": 1
    }
},
{
    "model": "carnatic.taalaalias",
    "pk": 41,
    "fields": {
        "name": "adi (tisram)",
        "taala": 1
    }
},
{
    "model": "carnatic.taalaalias",
    "pk": 42,
    "fields": {
        "name": "tisra gati adi",
        "taala": 1
    }
},
{
    "model": "carnatic.taalaalias",
    "pk": 43,
    "fields": {
        "name": "tisra nadai",
        "taala": 1
    }
},
{
    "model": "carnatic.taalaalias",
    "pk": 44,
    "fields": {
        "name": "rupakam",
        "taala": 2
    }
},
{
    "model": "carnatic.taalaalias",
    "pk": 45,
    "fields": {
        "name": "adi tisra nade",
        "taala": 1
    }
},
{
    "model": "carnatic.taalaalias",
    "pk": 46,
    "fields": {
        "name": "\u0100di (Ti\u015bra na\u1e0de)",
        "taala": 1
    }
},
{
    "model": "carnatic.taalaalias",
    "pk": 47,
    "fields": {
        "name": "misra chapu",
        "taala": 3
    }
},
{
    "model": "carnatic.taalaalias",
    "pk": 48,
    "fields": {
        "name": "khanda jaati jampa",
        "taala": 20
    }
},
{
    "model": "carnatic.taalaalias",
    "pk": 49,
    "fields": {
        "name": "khanda jampa",
        "taala": 20
    }
},
{
    "model": "carnatic.taalaalias",
    "pk": 50,
    "fields": {
        "name": "khanda jathi jhampa",
        "taala": 20
    }
},
{
    "model": "carnatic.taalaalias",
    "pk": 51,
    "fields": {
        "name": "khanda jathi jampa",
        "taala": 20
    }
},
{
    "model": "carnatic.taalaalias",
    "pk": 53,
    "fields": {
        "name": "kanta jampa",
        "taala": 20
    }
},
{
    "model": "carnatic.taalaalias",
    "pk": 54,
    "fields": {
        "name": "khanda jaathi jampa",
        "taala": 20
    }
},
{
    "model": "carnatic.taalaalias",
    "pk": 55,
    "fields": {
        "name": "khanda jaathi jhampa",
        "taala": 20
    }
},
{
    "model": "data.image",
    "pk": 4298,
    "fields": {
        "source": null,
        "image": "images/carnatic-taala-adi.png",
        "small_image": ""
    }
},
{
    "model": "data.image",
    "pk": 4299,
    "fields": {
        "source": null,
        "image": "images/carnatic-taala-rupaka.png",
        "small_image": ""
    }
},
{
    "model": "data.image",
    "pk": 4300,
    "fields": {
        "source": null,
        "image": "images/carnatic-taala-mishra_chapu.png",
        "small_image": ""
    }
},
{
    "model": "data.image",
    "pk": 4301,
    "fields": {
        "source": null,
        "image": "images/carnatic-taala-khanda_chapu.png",
        "small_image": ""
    }
},
{
    "model": "data.image",
    "pk": 4302,
    "fields": {
        "source": null,
        "image": "images/carnatic-taala-eka.png",
        "small_image": ""
    }
},
{
    "model": "data.image",
    "pk": 4303,
    "fields": {
        "source": null,
        "image": "images/carnatic-taala-dhruva.png",
        "small_image": ""
    }
},
{
    "model": "data.image",
    "pk": 4304,
    "fields": {
        "source": null,
        "image": "images/carnatic-taala-matya.png",
        "small_image": ""
    }
},
{
    "model": "data.image",
    "pk": 4305,
    "fields": {
        "source": null,
        "image": "images/carnatic-taala-mishra_jhampe.png",
        "small_image": ""
    }
},
{
    "model": "data.image",
    "pk": 4306,
    "fields": {
        "source": null,
        "image": "images/carnatic-taala-tishra_triputa.png",
        "small_image": ""
    }
},
{
    "model": "data.image",
    "pk": 4307,
    "fields": {
        "source": null,
        "image": "images/carnatic-taala-atta.png",
        "small_image": ""
    }
},
{
    "model": "data.image",
    "pk": 4308,
    "fields": {
        "source": null,
        "image": "images/carnatic-taala-chaturashra-jaati_jhampe.png",
        "small_image": ""
    }
},
{
    "model": "data.image",
    "pk": 4309,
    "fields": {
        "source": null,
        "image": "images/carnatic-taala-deshaadi.png",
        "small_image": ""
    }
},
{
    "model": "data.image",
    "pk": 4310,
    "fields": {
        "source": null,
        "image": "images/carnatic-taala-khanda-jaati_triputa.png",
        "small_image": ""
    }
},
{
    "model": "data.image",
    "pk": 4311,
    "fields": {
        "source": null,
        "image": "images/carnatic-taala-khanda-jaati_eka.png",
        "small_image": ""
    }
},
{
    "model": "data.image",
    "pk": 4312,
    "fields": {
        "source": null,
        "image": "images/carnatic-taala-madhyaadi.png",
        "small_image": ""
    }
},
{
    "model": "data.image",
    "pk": 4313,
    "fields": {
        "source": null,
        "image": "images/carnatic-taala-mahaalakshmi.png",
        "small_image": ""
    }
},
{
    "model": "data.image",
    "pk": 4314,
    "fields": {
        "source": null,
        "image": "images/carnatic-taala-mishra-jaati_rupaka.png",
        "small_image": ""
    }
}
]
