[
{
    "pk": 1, 
    "model": "carnatic.instrument", 
    "fields": {
        "description": null, 
        "percussion": false, 
        "source": null, 
        "references": [], 
        "images": [], 
        "name": "Vocal"
    }
},
{
    "pk": 2, 
    "model": "carnatic.instrument", 
    "fields": {
        "description": null, 
        "percussion": false, 
        "source": null, 
        "references": [], 
        "images": [
            3520
        ], 
        "name": "Violin"
    }
},
{
    "pk": 3, 
    "model": "carnatic.instrument", 
    "fields": {
        "description": null, 
        "percussion": true, 
        "source": null, 
        "references": [], 
        "images": [
            611
        ], 
        "name": "Mridangam"
    }
},
{
    "pk": 4, 
    "model": "carnatic.instrument", 
    "fields": {
        "description": null, 
        "percussion": false, 
        "source": null, 
        "references": [], 
        "images": [
            612
        ], 
        "name": "Tambura"
    }
},
{
    "pk": 5, 
    "model": "carnatic.instrument", 
    "fields": {
        "description": null, 
        "percussion": false, 
        "source": null, 
        "references": [], 
        "images": [
            613
        ], 
        "name": "Veena"
    }
},
{
    "pk": 6, 
    "model": "carnatic.instrument", 
    "fields": {
        "description": null, 
        "percussion": false, 
        "source": null, 
        "references": [], 
        "images": [
            614
        ], 
        "name": "Flute"
    }
},
{
    "pk": 7, 
    "model": "carnatic.instrument", 
    "fields": {
        "description": null, 
        "percussion": false, 
        "source": null, 
        "references": [], 
        "images": [
            615
        ], 
        "name": "Mandolin"
    }
},
{
    "pk": 8, 
    "model": "carnatic.instrument", 
    "fields": {
        "description": null, 
        "percussion": false, 
        "source": null, 
        "references": [], 
        "images": [
            616
        ], 
        "name": "Saxophone"
    }
},
{
    "pk": 9, 
    "model": "carnatic.instrument", 
    "fields": {
        "description": null, 
        "percussion": true, 
        "source": null, 
        "references": [], 
        "images": [
            617
        ], 
        "name": "Ghatam"
    }
},
{
    "pk": 10, 
    "model": "carnatic.instrument", 
    "fields": {
        "description": null, 
        "percussion": true, 
        "source": null, 
        "references": [], 
        "images": [
            618
        ], 
        "name": "Khanjira"
    }
},
{
    "pk": 11, 
    "model": "carnatic.instrument", 
    "fields": {
        "description": null, 
        "percussion": true, 
        "source": null, 
        "references": [], 
        "images": [
            607
        ], 
        "name": "Morsing"
    }
},
{
    "pk": 12, 
    "model": "carnatic.instrument", 
    "fields": {
        "description": null, 
        "percussion": true, 
        "source": null, 
        "references": [], 
        "images": [], 
        "name": "Konnakol"
    }
},
{
    "pk": 13, 
    "model": "carnatic.instrument", 
    "fields": {
        "description": null, 
        "percussion": true, 
        "source": null, 
        "references": [], 
        "images": [
            608
        ], 
        "name": "Gettuvadyam"
    }
},
{
    "pk": 14, 
    "model": "carnatic.instrument", 
    "fields": {
        "description": null, 
        "percussion": true, 
        "source": null, 
        "references": [], 
        "images": [
            609
        ], 
        "name": "Jalatarang"
    }
},
{
    "pk": 15, 
    "model": "carnatic.instrument", 
    "fields": {
        "description": null, 
        "percussion": false, 
        "source": null, 
        "references": [], 
        "images": [
            610
        ], 
        "name": "Chitraveena"
    }
},
{
    "pk": 18, 
    "model": "carnatic.instrument", 
    "fields": {
        "description": null, 
        "percussion": true, 
        "source": null, 
        "references": [], 
        "images": [
            697
        ], 
        "name": "Talam"
    }
},
{
    "pk": 19, 
    "model": "carnatic.instrument", 
    "fields": {
        "description": null, 
        "percussion": false, 
        "source": null, 
        "references": [], 
        "images": [], 
        "name": "Electronic tambura"
    }
},
{
    "pk": 20, 
    "model": "carnatic.instrument", 
    "fields": {
        "description": null, 
        "percussion": false, 
        "source": null, 
        "references": [], 
        "images": [
            595
        ], 
        "name": "Saraswati veena"
    }
},
{
    "pk": 21, 
    "model": "carnatic.instrument", 
    "fields": {
        "description": null, 
        "percussion": true, 
        "source": null, 
        "references": [], 
        "images": [
            647
        ], 
        "name": "Thavil"
    }
},
{
    "pk": 1, 
    "model": "carnatic.instrumentalias", 
    "fields": {
        "instrument": 1, 
        "name": "lead vocal"
    }
},
{
    "pk": 2, 
    "model": "carnatic.instrumentalias", 
    "fields": {
        "instrument": 1, 
        "name": "other vocal"
    }
},
{
    "pk": 3, 
    "model": "carnatic.instrumentalias", 
    "fields": {
        "instrument": 1, 
        "name": "background vocal"
    }
},
{
    "pk": 1, 
    "model": "carnatic.taala", 
    "fields": {
        "transliteration": "adi", 
        "description": null, 
        "source": null, 
        "references": [], 
        "images": [
            3514, 
            655, 
            3456, 
            3548, 
            3559
        ], 
        "name": "\u0100di"
    }
},
{
    "pk": 2, 
    "model": "carnatic.taala", 
    "fields": {
        "transliteration": "rupaka", 
        "description": null, 
        "source": null, 
        "references": [], 
        "images": [
            656, 
            3441, 
            3549
        ], 
        "name": "R\u016bpaka"
    }
},
{
    "pk": 3, 
    "model": "carnatic.taala", 
    "fields": {
        "transliteration": "mishra chapu", 
        "description": null, 
        "source": null, 
        "references": [], 
        "images": [], 
        "name": "Mi\u015bra ch\u0101pu"
    }
},
{
    "pk": 4, 
    "model": "carnatic.taala", 
    "fields": {
        "transliteration": "khanda chapu", 
        "description": null, 
        "source": null, 
        "references": [], 
        "images": [], 
        "name": "Kha\u1e47\u1e0da ch\u0101pu"
    }
},
{
    "pk": 5, 
    "model": "carnatic.taala", 
    "fields": {
        "transliteration": "eka", 
        "description": null, 
        "source": null, 
        "references": [], 
        "images": [
            3552, 
            3553, 
            3562
        ], 
        "name": "\u0112ka"
    }
},
{
    "pk": 6, 
    "model": "carnatic.taala", 
    "fields": {
        "transliteration": "tishra eka", 
        "description": null, 
        "source": null, 
        "references": [], 
        "images": [], 
        "name": "Ti\u015bra-j\u0101ti \u0113ka"
    }
},
{
    "pk": 7, 
    "model": "carnatic.taala", 
    "fields": {
        "transliteration": "dhruva", 
        "description": null, 
        "source": null, 
        "references": [], 
        "images": [
            3554
        ], 
        "name": "Dhr\u0325va"
    }
},
{
    "pk": 8, 
    "model": "carnatic.taala", 
    "fields": {
        "transliteration": "matya", 
        "description": null, 
        "source": null, 
        "references": [], 
        "images": [
            3555
        ], 
        "name": "Ma\u1e6dhya"
    }
},
{
    "pk": 9, 
    "model": "carnatic.taala", 
    "fields": {
        "transliteration": "mishra jhampe", 
        "description": null, 
        "source": null, 
        "references": [], 
        "images": [], 
        "name": "Mi\u015bra-j\u0101ti jha\u1e41pe"
    }
},
{
    "pk": 10, 
    "model": "carnatic.taala", 
    "fields": {
        "transliteration": "tishra triputa", 
        "description": null, 
        "source": null, 
        "references": [], 
        "images": [], 
        "name": "Ti\u015bra-j\u0101ti tripu\u1e6da "
    }
},
{
    "pk": 11, 
    "model": "carnatic.taala", 
    "fields": {
        "transliteration": "atta", 
        "description": null, 
        "source": null, 
        "references": [], 
        "images": [
            3558
        ], 
        "name": "A\u1e6d\u1e6da"
    }
},
{
    "pk": 13, 
    "model": "carnatic.taala", 
    "fields": {
        "transliteration": "chaturashra-jaati jhampe", 
        "description": null, 
        "source": null, 
        "references": [], 
        "images": [], 
        "name": "Catura\u015bra-j\u0101ti jha\u1e41pe"
    }
},
{
    "pk": 14, 
    "model": "carnatic.taala", 
    "fields": {
        "transliteration": "deshaadi", 
        "description": null, 
        "source": null, 
        "references": [], 
        "images": [], 
        "name": "D\u0113\u015b\u0101di"
    }
},
{
    "pk": 15, 
    "model": "carnatic.taala", 
    "fields": {
        "transliteration": "khanda-jaati triputa", 
        "description": null, 
        "source": null, 
        "references": [], 
        "images": [], 
        "name": "Kha\u1e47\u1e0da-j\u0101ti tripu\u1e6da "
    }
},
{
    "pk": 16, 
    "model": "carnatic.taala", 
    "fields": {
        "transliteration": "khanda-jaati eka", 
        "description": null, 
        "source": null, 
        "references": [], 
        "images": [], 
        "name": "Kha\u1e47\u1e0da-j\u0101ti \u0113ka"
    }
},
{
    "pk": 17, 
    "model": "carnatic.taala", 
    "fields": {
        "transliteration": "madhyaadi", 
        "description": null, 
        "source": null, 
        "references": [], 
        "images": [], 
        "name": "Madhy\u0101di "
    }
},
{
    "pk": 18, 
    "model": "carnatic.taala", 
    "fields": {
        "transliteration": "mahaalakshmi", 
        "description": null, 
        "source": null, 
        "references": [], 
        "images": [], 
        "name": "Mah\u0101lak\u1e63mi "
    }
},
{
    "pk": 19, 
    "model": "carnatic.taala", 
    "fields": {
        "transliteration": "mishra-jaati rupaka", 
        "description": null, 
        "source": null, 
        "references": [], 
        "images": [], 
        "name": "Mi\u015bra-j\u0101ti r\u016bpaka"
    }
},
{
    "pk": 1, 
    "model": "carnatic.taalaalias", 
    "fields": {
        "name": "khanda ekam", 
        "taala": 16
    }
},
{
    "pk": 2, 
    "model": "carnatic.taalaalias", 
    "fields": {
        "name": "adi tisra", 
        "taala": 1
    }
},
{
    "pk": 3, 
    "model": "carnatic.taalaalias", 
    "fields": {
        "name": "aadi", 
        "taala": 1
    }
},
{
    "pk": 4, 
    "model": "carnatic.taalaalias", 
    "fields": {
        "name": "adi khanda", 
        "taala": 1
    }
},
{
    "pk": 5, 
    "model": "carnatic.taalaalias", 
    "fields": {
        "name": "adi chatusra", 
        "taala": 1
    }
},
{
    "pk": 6, 
    "model": "carnatic.taalaalias", 
    "fields": {
        "name": "adi chaturasra", 
        "taala": 1
    }
},
{
    "pk": 7, 
    "model": "carnatic.taalaalias", 
    "fields": {
        "name": "adi chaturashra", 
        "taala": 1
    }
},
{
    "pk": 8, 
    "model": "carnatic.taalaalias", 
    "fields": {
        "name": "chaturasra rupakam", 
        "taala": 2
    }
},
{
    "pk": 9, 
    "model": "carnatic.taalaalias", 
    "fields": {
        "name": "chatusra rupakam", 
        "taala": 2
    }
},
{
    "pk": 10, 
    "model": "carnatic.taalaalias", 
    "fields": {
        "name": "chatusra rupakam khanda gathi", 
        "taala": 2
    }
},
{
    "pk": 11, 
    "model": "carnatic.taalaalias", 
    "fields": {
        "name": "chapu", 
        "taala": 3
    }
},
{
    "pk": 12, 
    "model": "carnatic.taalaalias", 
    "fields": {
        "name": "misra laghu", 
        "taala": 3
    }
},
{
    "pk": 13, 
    "model": "carnatic.taalaalias", 
    "fields": {
        "name": "misram", 
        "taala": 3
    }
},
{
    "pk": 14, 
    "model": "carnatic.taalaalias", 
    "fields": {
        "name": "chaturashra eka", 
        "taala": 5
    }
},
{
    "pk": 15, 
    "model": "carnatic.taalaalias", 
    "fields": {
        "name": "ekam", 
        "taala": 5
    }
},
{
    "pk": 16, 
    "model": "carnatic.taalaalias", 
    "fields": {
        "name": "jampe", 
        "taala": 9
    }
},
{
    "pk": 17, 
    "model": "carnatic.taalaalias", 
    "fields": {
        "name": "jhampa", 
        "taala": 9
    }
},
{
    "pk": 18, 
    "model": "carnatic.taalaalias", 
    "fields": {
        "name": "jhaptal", 
        "taala": 9
    }
},
{
    "pk": 19, 
    "model": "carnatic.taalaalias", 
    "fields": {
        "name": "jampa", 
        "taala": 9
    }
},
{
    "pk": 20, 
    "model": "carnatic.taalaalias", 
    "fields": {
        "name": "tisra triputa tisra gathi", 
        "taala": 10
    }
},
{
    "pk": 21, 
    "model": "carnatic.taalaalias", 
    "fields": {
        "name": "tisra triputa", 
        "taala": 10
    }
},
{
    "pk": 22, 
    "model": "carnatic.taalaalias", 
    "fields": {
        "name": "triputa", 
        "taala": 10
    }
},
{
    "pk": 23, 
    "model": "carnatic.taalaalias", 
    "fields": {
        "name": "ata", 
        "taala": 11
    }
},
{
    "pk": 24, 
    "model": "carnatic.taalaalias", 
    "fields": {
        "name": "khanda ata", 
        "taala": 11
    }
},
{
    "pk": 25, 
    "model": "carnatic.taalaalias", 
    "fields": {
        "name": "khanda jati ata", 
        "taala": 11
    }
},
{
    "pk": 26, 
    "model": "carnatic.taalaalias", 
    "fields": {
        "name": "khanda atta", 
        "taala": 11
    }
},
{
    "pk": 31, 
    "model": "carnatic.taalaalias", 
    "fields": {
        "name": "chatusra jhampa", 
        "taala": 13
    }
},
{
    "pk": 32, 
    "model": "carnatic.taalaalias", 
    "fields": {
        "name": "chatusra jati jhampe", 
        "taala": 13
    }
},
{
    "pk": 33, 
    "model": "carnatic.taalaalias", 
    "fields": {
        "name": "desadi", 
        "taala": 14
    }
},
{
    "pk": 34, 
    "model": "carnatic.taalaalias", 
    "fields": {
        "name": "khanda triputa", 
        "taala": 15
    }
},
{
    "pk": 35, 
    "model": "carnatic.taalaalias", 
    "fields": {
        "name": "kanda triputa", 
        "taala": 15
    }
},
{
    "pk": 37, 
    "model": "carnatic.taalaalias", 
    "fields": {
        "name": "madhyad", 
        "taala": 17
    }
},
{
    "pk": 38, 
    "model": "carnatic.taalaalias", 
    "fields": {
        "name": "misra rupakam", 
        "taala": 19
    }
},
{
    "pk": 39, 
    "model": "carnatic.taalaalias", 
    "fields": {
        "name": "chatusrarupakam", 
        "taala": 2
    }
},
{
    "pk": 40, 
    "model": "carnatic.taalaalias", 
    "fields": {
        "name": "adi (tishra nade)", 
        "taala": 1
    }
},
{
    "pk": 41, 
    "model": "carnatic.taalaalias", 
    "fields": {
        "name": "adi (tisram)", 
        "taala": 1
    }
},
{
    "pk": 42, 
    "model": "carnatic.taalaalias", 
    "fields": {
        "name": "tisra gati adi", 
        "taala": 1
    }
},
{
    "pk": 43, 
    "model": "carnatic.taalaalias", 
    "fields": {
        "name": "tisra nadai", 
        "taala": 1
    }
},
{
    "pk": 1, 
    "model": "carnatic.raaga", 
    "fields": {
        "transliteration": "abheri", 
        "description": null, 
        "source": null, 
        "references": [], 
        "images": [
            3384
        ], 
        "name": "\u0100bh\u0113ri"
    }
},
{
    "pk": 2, 
    "model": "carnatic.raaga", 
    "fields": {
        "transliteration": "abhogi", 
        "description": null, 
        "source": null, 
        "references": [], 
        "images": [
            3385
        ], 
        "name": "\u0100bh\u014dgi"
    }
},
{
    "pk": 4, 
    "model": "carnatic.raaga", 
    "fields": {
        "transliteration": "arabhi", 
        "description": null, 
        "source": null, 
        "references": [], 
        "images": [], 
        "name": "\u0100rabhi"
    }
},
{
    "pk": 5, 
    "model": "carnatic.raaga", 
    "fields": {
        "transliteration": "asaveri", 
        "description": null, 
        "source": null, 
        "references": [], 
        "images": [], 
        "name": "As\u0101v\u0113ri"
    }
},
{
    "pk": 6, 
    "model": "carnatic.raaga", 
    "fields": {
        "transliteration": "atana", 
        "description": null, 
        "source": null, 
        "references": [], 
        "images": [
            3466
        ], 
        "name": "A\u1e6d\u0101na"
    }
},
{
    "pk": 7, 
    "model": "carnatic.raaga", 
    "fields": {
        "transliteration": "bahudari", 
        "description": null, 
        "source": null, 
        "references": [], 
        "images": [
            3386
        ], 
        "name": "Bahud\u0101ri"
    }
},
{
    "pk": 8, 
    "model": "carnatic.raaga", 
    "fields": {
        "transliteration": "begada", 
        "description": null, 
        "source": null, 
        "references": [], 
        "images": [
            3387
        ], 
        "name": "B\u0113ga\u1e0da"
    }
},
{
    "pk": 9, 
    "model": "carnatic.raaga", 
    "fields": {
        "transliteration": "behag", 
        "description": null, 
        "source": null, 
        "references": [], 
        "images": [
            3388, 
            3468
        ], 
        "name": "Beh\u0101g"
    }
},
{
    "pk": 10, 
    "model": "carnatic.raaga", 
    "fields": {
        "transliteration": "bhairavi", 
        "description": null, 
        "source": null, 
        "references": [], 
        "images": [
            3518, 
            3389, 
            3419, 
            3489
        ], 
        "name": "Bhairavi"
    }
},
{
    "pk": 11, 
    "model": "carnatic.raaga", 
    "fields": {
        "transliteration": "bilahari", 
        "description": null, 
        "source": null, 
        "references": [], 
        "images": [
            3390
        ], 
        "name": "Bilahari"
    }
},
{
    "pk": 13, 
    "model": "carnatic.raaga", 
    "fields": {
        "transliteration": "darbar", 
        "description": null, 
        "source": null, 
        "references": [], 
        "images": [
            3391
        ], 
        "name": "Darb\u0101r"
    }
},
{
    "pk": 14, 
    "model": "carnatic.raaga", 
    "fields": {
        "transliteration": "devagandhari", 
        "description": null, 
        "source": null, 
        "references": [], 
        "images": [
            3392, 
            3446
        ], 
        "name": "D\u0113vag\u0101ndh\u0101ri"
    }
},
{
    "pk": 15, 
    "model": "carnatic.raaga", 
    "fields": {
        "transliteration": "devamanohari", 
        "description": null, 
        "source": null, 
        "references": [], 
        "images": [
            3393
        ], 
        "name": "D\u0113vaman\u014dhari"
    }
},
{
    "pk": 16, 
    "model": "carnatic.raaga", 
    "fields": {
        "transliteration": "dhanashri", 
        "description": null, 
        "source": null, 
        "references": [], 
        "images": [], 
        "name": "Dhana\u015br\u012b"
    }
},
{
    "pk": 17, 
    "model": "carnatic.raaga", 
    "fields": {
        "transliteration": "dhanyasi", 
        "description": null, 
        "source": null, 
        "references": [], 
        "images": [
            3394
        ], 
        "name": "Dhany\u0101si"
    }
},
{
    "pk": 20, 
    "model": "carnatic.raaga", 
    "fields": {
        "transliteration": "hamsadhvani", 
        "description": null, 
        "source": null, 
        "references": [], 
        "images": [], 
        "name": "Hamsadhvani"
    }
},
{
    "pk": 21, 
    "model": "carnatic.raaga", 
    "fields": {
        "transliteration": "hamsanandi", 
        "description": null, 
        "source": null, 
        "references": [], 
        "images": [
            3396
        ], 
        "name": "Ha\u1e41s\u0101nandi"
    }
},
{
    "pk": 23, 
    "model": "carnatic.raaga", 
    "fields": {
        "transliteration": "hindolam", 
        "description": null, 
        "source": null, 
        "references": [], 
        "images": [
            3398
        ], 
        "name": "Hind\u014d\u1e37a\u1e41"
    }
},
{
    "pk": 24, 
    "model": "carnatic.raaga", 
    "fields": {
        "transliteration": "jaganmohini", 
        "description": null, 
        "source": null, 
        "references": [], 
        "images": [
            3399
        ], 
        "name": "Jaganm\u014dhini"
    }
},
{
    "pk": 25, 
    "model": "carnatic.raaga", 
    "fields": {
        "transliteration": "jaunpuri", 
        "description": null, 
        "source": null, 
        "references": [], 
        "images": [
            3400
        ], 
        "name": "J\u014dnpuri"
    }
},
{
    "pk": 27, 
    "model": "carnatic.raaga", 
    "fields": {
        "transliteration": "kalyani", 
        "description": null, 
        "source": null, 
        "references": [], 
        "images": [
            3402, 
            3433, 
            3485, 
            3495, 
            3501
        ], 
        "name": "Kaly\u0101\u1e47i"
    }
},
{
    "pk": 28, 
    "model": "carnatic.raaga", 
    "fields": {
        "transliteration": "kamas", 
        "description": null, 
        "source": null, 
        "references": [], 
        "images": [
            3403
        ], 
        "name": "Kam\u0101s"
    }
},
{
    "pk": 30, 
    "model": "carnatic.raaga", 
    "fields": {
        "transliteration": "kanada", 
        "description": null, 
        "source": null, 
        "references": [], 
        "images": [
            3405
        ], 
        "name": "K\u0101na\u1e0da"
    }
},
{
    "pk": 31, 
    "model": "carnatic.raaga", 
    "fields": {
        "transliteration": "karaharapriya", 
        "description": null, 
        "source": null, 
        "references": [], 
        "images": [
            3406
        ], 
        "name": "Karaharapriya"
    }
},
{
    "pk": 32, 
    "model": "carnatic.raaga", 
    "fields": {
        "transliteration": "kedaragaula", 
        "description": null, 
        "source": null, 
        "references": [], 
        "images": [], 
        "name": "K\u0113d\u0101ragau\u1e37a"
    }
},
{
    "pk": 33, 
    "model": "carnatic.raaga", 
    "fields": {
        "transliteration": "kuntalavarali", 
        "description": null, 
        "source": null, 
        "references": [], 
        "images": [
            3407
        ], 
        "name": "Kuntalavar\u0101\u1e37i"
    }
},
{
    "pk": 35, 
    "model": "carnatic.raaga", 
    "fields": {
        "transliteration": "manirangu", 
        "description": null, 
        "source": null, 
        "references": [], 
        "images": [
            3409
        ], 
        "name": "Ma\u1e47irangu"
    }
},
{
    "pk": 36, 
    "model": "carnatic.raaga", 
    "fields": {
        "transliteration": "manji", 
        "description": null, 
        "source": null, 
        "references": [], 
        "images": [
            3410
        ], 
        "name": "M\u0101nji"
    }
},
{
    "pk": 37, 
    "model": "carnatic.raaga", 
    "fields": {
        "transliteration": "mohanam", 
        "description": null, 
        "source": null, 
        "references": [], 
        "images": [
            3411
        ], 
        "name": "M\u014dhana\u1e41"
    }
},
{
    "pk": 38, 
    "model": "carnatic.raaga", 
    "fields": {
        "transliteration": "mukhari", 
        "description": null, 
        "source": null, 
        "references": [], 
        "images": [
            3412
        ], 
        "name": "Mukh\u0101ri"
    }
},
{
    "pk": 40, 
    "model": "carnatic.raaga", 
    "fields": {
        "transliteration": "natakurinji", 
        "description": null, 
        "source": null, 
        "references": [], 
        "images": [], 
        "name": "N\u0101\u1e6dakurinji"
    }
},
{
    "pk": 44, 
    "model": "carnatic.raaga", 
    "fields": {
        "transliteration": "ranjani", 
        "description": null, 
        "source": null, 
        "references": [], 
        "images": [
            3503, 
            3414, 
            3474, 
            3492
        ], 
        "name": "Ranjani"
    }
},
{
    "pk": 46, 
    "model": "carnatic.raaga", 
    "fields": {
        "transliteration": "sahana", 
        "description": null, 
        "source": null, 
        "references": [], 
        "images": [
            3415
        ], 
        "name": "Sah\u0101n\u0101"
    }
},
{
    "pk": 47, 
    "model": "carnatic.raaga", 
    "fields": {
        "transliteration": "saurashtram", 
        "description": null, 
        "source": null, 
        "references": [], 
        "images": [
            3416
        ], 
        "name": "Saur\u0101\u1e63tra\u1e41"
    }
},
{
    "pk": 48, 
    "model": "carnatic.raaga", 
    "fields": {
        "transliteration": "senchurutti", 
        "description": null, 
        "source": null, 
        "references": [], 
        "images": [], 
        "name": "Sencuru\u1e6d\u1e6di"
    }
},
{
    "pk": 49, 
    "model": "carnatic.raaga", 
    "fields": {
        "transliteration": "shanmukhapriya", 
        "description": null, 
        "source": null, 
        "references": [], 
        "images": [], 
        "name": "\u1e62anmukhapriya"
    }
},
{
    "pk": 52, 
    "model": "carnatic.raaga", 
    "fields": {
        "transliteration": "shuddha saveri", 
        "description": null, 
        "source": null, 
        "references": [], 
        "images": [], 
        "name": "\u015audda s\u0101v\u0113ri"
    }
},
{
    "pk": 54, 
    "model": "carnatic.raaga", 
    "fields": {
        "transliteration": "surati", 
        "description": null, 
        "source": null, 
        "references": [], 
        "images": [], 
        "name": "Sura\u1e6di"
    }
},
{
    "pk": 55, 
    "model": "carnatic.raaga", 
    "fields": {
        "transliteration": "thodi", 
        "description": null, 
        "source": null, 
        "references": [], 
        "images": [
            3420
        ], 
        "name": "T\u014d\u1e0di"
    }
},
{
    "pk": 56, 
    "model": "carnatic.raaga", 
    "fields": {
        "transliteration": "vachaspati", 
        "description": null, 
        "source": null, 
        "references": [], 
        "images": [
            3421
        ], 
        "name": "V\u0101caspati"
    }
},
{
    "pk": 57, 
    "model": "carnatic.raaga", 
    "fields": {
        "transliteration": "varali", 
        "description": null, 
        "source": null, 
        "references": [], 
        "images": [
            3407, 
            3413, 
            3422, 
            3427
        ], 
        "name": "Var\u0101\u1e37i"
    }
},
{
    "pk": 58, 
    "model": "carnatic.raaga", 
    "fields": {
        "transliteration": "vasanta", 
        "description": null, 
        "source": null, 
        "references": [], 
        "images": [
            3423, 
            3476
        ], 
        "name": "Vasanta"
    }
},
{
    "pk": 59, 
    "model": "carnatic.raaga", 
    "fields": {
        "transliteration": "yadukula kambhoji", 
        "description": null, 
        "source": null, 
        "references": [], 
        "images": [], 
        "name": "Yadukula k\u0101\u1e41b\u014dji"
    }
},
{
    "pk": 60, 
    "model": "carnatic.raaga", 
    "fields": {
        "transliteration": "huseni", 
        "description": null, 
        "source": null, 
        "references": [], 
        "images": [
            3424
        ], 
        "name": "Huss\u0113n\u012b"
    }
},
{
    "pk": 61, 
    "model": "carnatic.raaga", 
    "fields": {
        "transliteration": "purna shadjam", 
        "description": null, 
        "source": null, 
        "references": [], 
        "images": [], 
        "name": "P\u016br\u1e47a \u1e63a\u1e0dja\u1e41"
    }
},
{
    "pk": 62, 
    "model": "carnatic.raaga", 
    "fields": {
        "transliteration": "Chaturdasha ragamalika", 
        "description": null, 
        "source": null, 
        "references": [], 
        "images": [], 
        "name": "Carturda\u015ba r\u0101gam\u0101lika"
    }
},
{
    "pk": 63, 
    "model": "carnatic.raaga", 
    "fields": {
        "transliteration": "vijayasaraswati", 
        "description": null, 
        "source": null, 
        "references": [], 
        "images": [], 
        "name": "Vijayasarasvati"
    }
},
{
    "pk": 64, 
    "model": "carnatic.raaga", 
    "fields": {
        "transliteration": "navaragamalika", 
        "description": null, 
        "source": null, 
        "references": [], 
        "images": [], 
        "name": "Navar\u0101gam\u0101lika"
    }
},
{
    "pk": 65, 
    "model": "carnatic.raaga", 
    "fields": {
        "transliteration": "brindavani", 
        "description": null, 
        "source": null, 
        "references": [], 
        "images": [], 
        "name": "B\u1e5bnd\u0101vani"
    }
},
{
    "pk": 66, 
    "model": "carnatic.raaga", 
    "fields": {
        "transliteration": "dvijavanti", 
        "description": null, 
        "source": null, 
        "references": [], 
        "images": [], 
        "name": "Dvij\u0101vanti"
    }
},
{
    "pk": 68, 
    "model": "carnatic.raaga", 
    "fields": {
        "transliteration": "kokilapriya", 
        "description": null, 
        "source": null, 
        "references": [], 
        "images": [
            3425
        ], 
        "name": "K\u014dkilapriya"
    }
},
{
    "pk": 69, 
    "model": "carnatic.raaga", 
    "fields": {
        "transliteration": "kiranavali", 
        "description": null, 
        "source": null, 
        "references": [], 
        "images": [
            3426
        ], 
        "name": "K\u012bra\u1e47\u0101va\u1e37i"
    }
},
{
    "pk": 70, 
    "model": "carnatic.raaga", 
    "fields": {
        "transliteration": "riti gaula", 
        "description": null, 
        "source": null, 
        "references": [], 
        "images": [], 
        "name": "R\u012btigau\u1e37a"
    }
},
{
    "pk": 71, 
    "model": "carnatic.raaga", 
    "fields": {
        "transliteration": "mandhari", 
        "description": null, 
        "source": null, 
        "references": [], 
        "images": [], 
        "name": "Mand\u0101ri"
    }
},
{
    "pk": 72, 
    "model": "carnatic.raaga", 
    "fields": {
        "transliteration": "mayamalava gaula", 
        "description": null, 
        "source": null, 
        "references": [], 
        "images": [], 
        "name": "M\u0101y\u0101m\u0101\u1e37avagau\u1e37a"
    }
},
{
    "pk": 73, 
    "model": "carnatic.raaga", 
    "fields": {
        "transliteration": "punnaga varali", 
        "description": null, 
        "source": null, 
        "references": [], 
        "images": [], 
        "name": "Pu\u1e47\u1e47\u0101gavar\u0101\u1e37i"
    }
},
{
    "pk": 74, 
    "model": "carnatic.raaga", 
    "fields": {
        "transliteration": "bhavani", 
        "description": null, 
        "source": null, 
        "references": [], 
        "images": [
            3428
        ], 
        "name": "Bhav\u0101ni"
    }
},
{
    "pk": 75, 
    "model": "carnatic.raaga", 
    "fields": {
        "transliteration": "vandanatarini", 
        "description": null, 
        "source": null, 
        "references": [], 
        "images": [], 
        "name": "Vandanadh\u0101ri\u1e47i"
    }
},
{
    "pk": 76, 
    "model": "carnatic.raaga", 
    "fields": {
        "transliteration": "bhimpalasi", 
        "description": null, 
        "source": null, 
        "references": [], 
        "images": [
            3429
        ], 
        "name": "Bh\u012bmpal\u0101si"
    }
},
{
    "pk": 77, 
    "model": "carnatic.raaga", 
    "fields": {
        "transliteration": "paras", 
        "description": null, 
        "source": null, 
        "references": [], 
        "images": [
            3430
        ], 
        "name": "Paras"
    }
},
{
    "pk": 78, 
    "model": "carnatic.raaga", 
    "fields": {
        "transliteration": "devamruta varshini", 
        "description": null, 
        "source": null, 
        "references": [], 
        "images": [], 
        "name": "Dev\u0101m\u1e5btavar\u1e63i\u1e47i"
    }
},
{
    "pk": 79, 
    "model": "carnatic.raaga", 
    "fields": {
        "transliteration": "sindhumandari", 
        "description": null, 
        "source": null, 
        "references": [], 
        "images": [], 
        "name": "Sindhumand\u0101ri"
    }
},
{
    "pk": 80, 
    "model": "carnatic.raaga", 
    "fields": {
        "transliteration": "nadanamakriya", 
        "description": null, 
        "source": null, 
        "references": [], 
        "images": [
            3431
        ], 
        "name": "N\u0101dan\u0101makriya"
    }
},
{
    "pk": 81, 
    "model": "carnatic.raaga", 
    "fields": {
        "transliteration": "simhendra madhyamam", 
        "description": null, 
        "source": null, 
        "references": [], 
        "images": [], 
        "name": "Simh\u0113ndra madhyama\u1e41"
    }
},
{
    "pk": 82, 
    "model": "carnatic.raaga", 
    "fields": {
        "transliteration": "misra khamaj", 
        "description": null, 
        "source": null, 
        "references": [], 
        "images": [], 
        "name": "Mi\u015bra kham\u0101j"
    }
},
{
    "pk": 83, 
    "model": "carnatic.raaga", 
    "fields": {
        "transliteration": "yamuna kalyani", 
        "description": null, 
        "source": null, 
        "references": [], 
        "images": [], 
        "name": "Yamuna kaly\u0101\u1e47i"
    }
},
{
    "pk": 85, 
    "model": "carnatic.raaga", 
    "fields": {
        "transliteration": "ramapriya", 
        "description": null, 
        "source": null, 
        "references": [], 
        "images": [
            3434
        ], 
        "name": "R\u0101mapriya"
    }
},
{
    "pk": 86, 
    "model": "carnatic.raaga", 
    "fields": {
        "transliteration": "varnarupini", 
        "description": null, 
        "source": null, 
        "references": [], 
        "images": [], 
        "name": "Var\u1e47ar\u016bpini"
    }
},
{
    "pk": 87, 
    "model": "carnatic.raaga", 
    "fields": {
        "transliteration": "gurjari", 
        "description": null, 
        "source": null, 
        "references": [], 
        "images": [
            3435
        ], 
        "name": "Gurj\u0101ri"
    }
},
{
    "pk": 89, 
    "model": "carnatic.raaga", 
    "fields": {
        "transliteration": "manoranjani", 
        "description": null, 
        "source": null, 
        "references": [], 
        "images": [], 
        "name": "Man\u014dranjani"
    }
},
{
    "pk": 90, 
    "model": "carnatic.raaga", 
    "fields": {
        "transliteration": "navroj", 
        "description": null, 
        "source": null, 
        "references": [], 
        "images": [
            3437
        ], 
        "name": "Navr\u014dj"
    }
},
{
    "pk": 91, 
    "model": "carnatic.raaga", 
    "fields": {
        "transliteration": "desh", 
        "description": null, 
        "source": null, 
        "references": [], 
        "images": [
            3445
        ], 
        "name": "D\u0113\u015b"
    }
},
{
    "pk": 92, 
    "model": "carnatic.raaga", 
    "fields": {
        "transliteration": "karnataka devagandhari", 
        "description": null, 
        "source": null, 
        "references": [], 
        "images": [], 
        "name": "Kar\u1e47\u0101\u1e6daka d\u0113vag\u0101ndh\u0101ri"
    }
},
{
    "pk": 93, 
    "model": "carnatic.raaga", 
    "fields": {
        "transliteration": "simhavahini", 
        "description": null, 
        "source": null, 
        "references": [], 
        "images": [
            3447
        ], 
        "name": "Simhav\u0101hini"
    }
},
{
    "pk": 94, 
    "model": "carnatic.raaga", 
    "fields": {
        "transliteration": "chakravakam", 
        "description": null, 
        "source": null, 
        "references": [], 
        "images": [], 
        "name": "Cakrav\u0101ka\u1e41"
    }
},
{
    "pk": 95, 
    "model": "carnatic.raaga", 
    "fields": {
        "transliteration": "kalavathi", 
        "description": null, 
        "source": null, 
        "references": [], 
        "images": [
            3448
        ], 
        "name": "Kal\u0101vati"
    }
},
{
    "pk": 96, 
    "model": "carnatic.raaga", 
    "fields": {
        "transliteration": "ragamalika", 
        "description": null, 
        "source": null, 
        "references": [], 
        "images": [
            3507
        ], 
        "name": "R\u0101gam\u0101lika"
    }
},
{
    "pk": 97, 
    "model": "carnatic.raaga", 
    "fields": {
        "transliteration": "gangeyabhushani", 
        "description": null, 
        "source": null, 
        "references": [], 
        "images": [], 
        "name": "G\u0101ng\u0113yabh\u016b\u1e63a\u1e47i"
    }
},
{
    "pk": 98, 
    "model": "carnatic.raaga", 
    "fields": {
        "transliteration": "shri ranjani", 
        "description": null, 
        "source": null, 
        "references": [], 
        "images": [], 
        "name": "\u015ar\u012branjani"
    }
},
{
    "pk": 99, 
    "model": "carnatic.raaga", 
    "fields": {
        "transliteration": "kadanakutuhulam", 
        "description": null, 
        "source": null, 
        "references": [], 
        "images": [], 
        "name": "Kathanakut\u016bhala\u1e41"
    }
},
{
    "pk": 100, 
    "model": "carnatic.raaga", 
    "fields": {
        "transliteration": "misra shivaranjani", 
        "description": null, 
        "source": null, 
        "references": [], 
        "images": [], 
        "name": "Mi\u015bra \u015bivaranjani"
    }
},
{
    "pk": 101, 
    "model": "carnatic.raaga", 
    "fields": {
        "transliteration": "veera vasantam", 
        "description": null, 
        "source": null, 
        "references": [], 
        "images": [], 
        "name": "V\u012bra vasanta\u1e41"
    }
},
{
    "pk": 102, 
    "model": "carnatic.raaga", 
    "fields": {
        "transliteration": "bageshri", 
        "description": null, 
        "source": null, 
        "references": [], 
        "images": [], 
        "name": "B\u0101g\u0113\u015br\u012b"
    }
},
{
    "pk": 104, 
    "model": "carnatic.raaga", 
    "fields": {
        "transliteration": "chintamani", 
        "description": null, 
        "source": null, 
        "references": [], 
        "images": [
            3438
        ], 
        "name": "Cint\u0101ma\u1e47i"
    }
},
{
    "pk": 105, 
    "model": "carnatic.raaga", 
    "fields": {
        "transliteration": "meghmalhar", 
        "description": null, 
        "source": null, 
        "references": [], 
        "images": [], 
        "name": "Meghamalhar"
    }
},
{
    "pk": 106, 
    "model": "carnatic.raaga", 
    "fields": {
        "transliteration": "gambhira nata", 
        "description": null, 
        "source": null, 
        "references": [], 
        "images": [], 
        "name": "Ga\u1e41bh\u012bra n\u0101\u1e6da"
    }
},
{
    "pk": 107, 
    "model": "carnatic.raaga", 
    "fields": {
        "transliteration": "hamsanadam", 
        "description": null, 
        "source": null, 
        "references": [], 
        "images": [], 
        "name": "Ha\u1e41san\u0101da\u1e41"
    }
},
{
    "pk": 108, 
    "model": "carnatic.raaga", 
    "fields": {
        "transliteration": "jhankaradhwani", 
        "description": null, 
        "source": null, 
        "references": [], 
        "images": [], 
        "name": "Jhank\u0101radhvani"
    }
},
{
    "pk": 110, 
    "model": "carnatic.raaga", 
    "fields": {
        "transliteration": "bauli", 
        "description": null, 
        "source": null, 
        "references": [], 
        "images": [], 
        "name": "Bau\u1e37i"
    }
},
{
    "pk": 111, 
    "model": "carnatic.raaga", 
    "fields": {
        "transliteration": "amritavarshini", 
        "description": null, 
        "source": null, 
        "references": [], 
        "images": [
            3449
        ], 
        "name": "Am\u1e5btavar\u1e63i\u1e47i"
    }
},
{
    "pk": 112, 
    "model": "carnatic.raaga", 
    "fields": {
        "transliteration": "saraswati", 
        "description": null, 
        "source": null, 
        "references": [], 
        "images": [], 
        "name": "Sarasvati"
    }
},
{
    "pk": 113, 
    "model": "carnatic.raaga", 
    "fields": {
        "transliteration": "kurinji", 
        "description": null, 
        "source": null, 
        "references": [], 
        "images": [
            3450
        ], 
        "name": "Kurinji"
    }
},
{
    "pk": 114, 
    "model": "carnatic.raaga", 
    "fields": {
        "transliteration": "ghanta", 
        "description": null, 
        "source": null, 
        "references": [], 
        "images": [
            3451
        ], 
        "name": "Ghan\u1e6da"
    }
},
{
    "pk": 115, 
    "model": "carnatic.raaga", 
    "fields": {
        "transliteration": "chenchu kambhoji", 
        "description": null, 
        "source": null, 
        "references": [], 
        "images": [], 
        "name": "Cencu k\u0101mbh\u014dji"
    }
},
{
    "pk": 116, 
    "model": "carnatic.raaga", 
    "fields": {
        "transliteration": "garudadvani", 
        "description": null, 
        "source": null, 
        "references": [], 
        "images": [], 
        "name": "Garu\u1e0dadhvani"
    }
},
{
    "pk": 117, 
    "model": "carnatic.raaga", 
    "fields": {
        "transliteration": "vijayashri", 
        "description": null, 
        "source": null, 
        "references": [], 
        "images": [], 
        "name": "Vijaya\u015br\u012b"
    }
},
{
    "pk": 118, 
    "model": "carnatic.raaga", 
    "fields": {
        "transliteration": "revagupti", 
        "description": null, 
        "source": null, 
        "references": [], 
        "images": [], 
        "name": "R\u0113vagupti"
    }
},
{
    "pk": 119, 
    "model": "carnatic.raaga", 
    "fields": {
        "transliteration": "vijayanagari", 
        "description": null, 
        "source": null, 
        "references": [], 
        "images": [], 
        "name": "Vijayanagari"
    }
},
{
    "pk": 120, 
    "model": "carnatic.raaga", 
    "fields": {
        "transliteration": "kiravani", 
        "description": null, 
        "source": null, 
        "references": [], 
        "images": [], 
        "name": "K\u012brav\u0101\u1e47i"
    }
},
{
    "pk": 121, 
    "model": "carnatic.raaga", 
    "fields": {
        "transliteration": "saraswati manohari", 
        "description": null, 
        "source": null, 
        "references": [], 
        "images": [], 
        "name": "Sarasvat\u012b man\u014dhari"
    }
},
{
    "pk": 122, 
    "model": "carnatic.raaga", 
    "fields": {
        "transliteration": "velavali", 
        "description": null, 
        "source": null, 
        "references": [], 
        "images": [
            3440
        ], 
        "name": "V\u0113l\u0101vali"
    }
},
{
    "pk": 124, 
    "model": "carnatic.raaga", 
    "fields": {
        "transliteration": "rudrapriya", 
        "description": null, 
        "source": null, 
        "references": [], 
        "images": [
            3442
        ], 
        "name": "Rudrapriya"
    }
},
{
    "pk": 125, 
    "model": "carnatic.raaga", 
    "fields": {
        "transliteration": "kalanidhi", 
        "description": null, 
        "source": null, 
        "references": [], 
        "images": [
            3443
        ], 
        "name": "Ka\u1e37\u0101nidhi"
    }
},
{
    "pk": 126, 
    "model": "carnatic.raaga", 
    "fields": {
        "transliteration": "madhuvanti", 
        "description": null, 
        "source": null, 
        "references": [], 
        "images": [
            3444
        ], 
        "name": "Maduvanti"
    }
},
{
    "pk": 127, 
    "model": "carnatic.raaga", 
    "fields": {
        "transliteration": "gopika vasantham", 
        "description": null, 
        "source": null, 
        "references": [], 
        "images": [], 
        "name": "G\u014dpik\u0101vasanta\u1e41"
    }
},
{
    "pk": 128, 
    "model": "carnatic.raaga", 
    "fields": {
        "transliteration": "palamanjari", 
        "description": null, 
        "source": null, 
        "references": [], 
        "images": [
            3453
        ], 
        "name": "P\u0101lamanjari"
    }
},
{
    "pk": 129, 
    "model": "carnatic.raaga", 
    "fields": {
        "transliteration": "ganamurti", 
        "description": null, 
        "source": null, 
        "references": [], 
        "images": [
            3454
        ], 
        "name": "G\u0101nam\u016brti"
    }
},
{
    "pk": 131, 
    "model": "carnatic.raaga", 
    "fields": {
        "transliteration": "padi", 
        "description": null, 
        "source": null, 
        "references": [], 
        "images": [
            3456
        ], 
        "name": "P\u0101\u1e0di"
    }
},
{
    "pk": 132, 
    "model": "carnatic.raaga", 
    "fields": {
        "transliteration": "chayatarangini", 
        "description": null, 
        "source": null, 
        "references": [], 
        "images": [], 
        "name": "C\u0101y\u0101tarangi\u1e47i"
    }
},
{
    "pk": 133, 
    "model": "carnatic.raaga", 
    "fields": {
        "transliteration": "hemavati", 
        "description": null, 
        "source": null, 
        "references": [], 
        "images": [
            3457
        ], 
        "name": "H\u0113mavati"
    }
},
{
    "pk": 134, 
    "model": "carnatic.raaga", 
    "fields": {
        "transliteration": "ahiri", 
        "description": null, 
        "source": null, 
        "references": [], 
        "images": [], 
        "name": "\u0100hiri"
    }
},
{
    "pk": 135, 
    "model": "carnatic.raaga", 
    "fields": {
        "transliteration": "kapi narayani", 
        "description": null, 
        "source": null, 
        "references": [], 
        "images": [], 
        "name": "K\u0101pi n\u0101r\u0101ya\u1e47i"
    }
},
{
    "pk": 136, 
    "model": "carnatic.raaga", 
    "fields": {
        "transliteration": "sindhubhairavi", 
        "description": null, 
        "source": null, 
        "references": [], 
        "images": [], 
        "name": "Sindhubhairavi"
    }
},
{
    "pk": 137, 
    "model": "carnatic.raaga", 
    "fields": {
        "transliteration": "kamavardani", 
        "description": null, 
        "source": null, 
        "references": [], 
        "images": [
            3459
        ], 
        "name": "K\u0101mavardani/Pantuvar\u0101\u1e37i"
    }
},
{
    "pk": 138, 
    "model": "carnatic.raaga", 
    "fields": {
        "transliteration": "lalitha", 
        "description": null, 
        "source": null, 
        "references": [], 
        "images": [
            3460
        ], 
        "name": "Lalita"
    }
},
{
    "pk": 139, 
    "model": "carnatic.raaga", 
    "fields": {
        "transliteration": "manavati", 
        "description": null, 
        "source": null, 
        "references": [], 
        "images": [
            3461
        ], 
        "name": "M\u0101navati"
    }
},
{
    "pk": 140, 
    "model": "carnatic.raaga", 
    "fields": {
        "transliteration": "pushpalatika", 
        "description": null, 
        "source": null, 
        "references": [], 
        "images": [], 
        "name": "Pu\u1e63palatika"
    }
},
{
    "pk": 141, 
    "model": "carnatic.raaga", 
    "fields": {
        "transliteration": "ananda bhairavi", 
        "description": null, 
        "source": null, 
        "references": [], 
        "images": [], 
        "name": "\u0100nandabhairavi"
    }
},
{
    "pk": 142, 
    "model": "carnatic.raaga", 
    "fields": {
        "transliteration": "vegavahini", 
        "description": null, 
        "source": null, 
        "references": [], 
        "images": [], 
        "name": "V\u0113gav\u0101hi\u1e47i"
    }
},
{
    "pk": 144, 
    "model": "carnatic.raaga", 
    "fields": {
        "transliteration": "", 
        "description": null, 
        "source": null, 
        "references": [], 
        "images": [], 
        "name": "jog - sarastram"
    }
},
{
    "pk": 145, 
    "model": "carnatic.raaga", 
    "fields": {
        "transliteration": "valaji", 
        "description": null, 
        "source": null, 
        "references": [], 
        "images": [
            3462
        ], 
        "name": "Valaji"
    }
},
{
    "pk": 146, 
    "model": "carnatic.raaga", 
    "fields": {
        "transliteration": "ravi chandrika", 
        "description": null, 
        "source": null, 
        "references": [], 
        "images": [], 
        "name": "Ravicandrika"
    }
},
{
    "pk": 148, 
    "model": "carnatic.raaga", 
    "fields": {
        "transliteration": "andolika", 
        "description": null, 
        "source": null, 
        "references": [], 
        "images": [
            3464
        ], 
        "name": "\u0100nd\u014d\u1e37ika"
    }
},
{
    "pk": 149, 
    "model": "carnatic.raaga", 
    "fields": {
        "transliteration": "purna chandrika", 
        "description": null, 
        "source": null, 
        "references": [], 
        "images": [], 
        "name": "P\u016br\u1e47acandrika"
    }
},
{
    "pk": 150, 
    "model": "carnatic.raaga", 
    "fields": {
        "transliteration": "gamakakriya", 
        "description": null, 
        "source": null, 
        "references": [], 
        "images": [
            3465
        ], 
        "name": "Gamakakriya"
    }
},
{
    "pk": 151, 
    "model": "carnatic.raaga", 
    "fields": {
        "transliteration": "natanarayani", 
        "description": null, 
        "source": null, 
        "references": [], 
        "images": [
            3466
        ], 
        "name": "Na\u1e6dan\u0101r\u0101ya\u1e47i"
    }
},
{
    "pk": 152, 
    "model": "carnatic.raaga", 
    "fields": {
        "transliteration": "deepakam", 
        "description": null, 
        "source": null, 
        "references": [], 
        "images": [
            3467
        ], 
        "name": "D\u012bpaka\u1e41"
    }
},
{
    "pk": 153, 
    "model": "carnatic.raaga", 
    "fields": {
        "transliteration": "karnataka behag", 
        "description": null, 
        "source": null, 
        "references": [], 
        "images": [], 
        "name": "Kar\u1e47\u0101\u1e6daka beh\u0101g"
    }
},
{
    "pk": 154, 
    "model": "carnatic.raaga", 
    "fields": {
        "transliteration": "shri", 
        "description": null, 
        "source": null, 
        "references": [], 
        "images": [], 
        "name": "\u015ar\u012b"
    }
},
{
    "pk": 156, 
    "model": "carnatic.raaga", 
    "fields": {
        "transliteration": "karnataka kapi", 
        "description": null, 
        "source": null, 
        "references": [], 
        "images": [], 
        "name": "Kar\u1e47\u0101\u1e6daka k\u0101pi"
    }
},
{
    "pk": 157, 
    "model": "carnatic.raaga", 
    "fields": {
        "transliteration": "dharmavati", 
        "description": null, 
        "source": null, 
        "references": [], 
        "images": [
            3471
        ], 
        "name": "Dharm\u0101vati"
    }
},
{
    "pk": 158, 
    "model": "carnatic.raaga", 
    "fields": {
        "transliteration": "jingala", 
        "description": null, 
        "source": null, 
        "references": [], 
        "images": [], 
        "name": "Jingala"
    }
},
{
    "pk": 159, 
    "model": "carnatic.raaga", 
    "fields": {
        "transliteration": "kapi", 
        "description": null, 
        "source": null, 
        "references": [], 
        "images": [
            3458, 
            3470
        ], 
        "name": "K\u0101pi"
    }
},
{
    "pk": 160, 
    "model": "carnatic.raaga", 
    "fields": {
        "transliteration": "navarasa kannada", 
        "description": null, 
        "source": null, 
        "references": [], 
        "images": [], 
        "name": "Navarasa kanna\u1e0da"
    }
},
{
    "pk": 161, 
    "model": "carnatic.raaga", 
    "fields": {
        "transliteration": "kala saveri", 
        "description": null, 
        "source": null, 
        "references": [], 
        "images": [], 
        "name": "Ka\u1e37\u0101 s\u0101v\u0113ri"
    }
},
{
    "pk": 162, 
    "model": "carnatic.raaga", 
    "fields": {
        "transliteration": "jayantasri", 
        "description": null, 
        "source": null, 
        "references": [], 
        "images": [], 
        "name": "Jayanta\u015br\u012b"
    }
},
{
    "pk": 163, 
    "model": "carnatic.raaga", 
    "fields": {
        "transliteration": "narayani", 
        "description": null, 
        "source": null, 
        "references": [], 
        "images": [
            3458, 
            3466
        ], 
        "name": "N\u0101r\u0101ya\u1e47i"
    }
},
{
    "pk": 164, 
    "model": "carnatic.raaga", 
    "fields": {
        "transliteration": "ganavaridhi", 
        "description": null, 
        "source": null, 
        "references": [], 
        "images": [
            3473
        ], 
        "name": "G\u0101nav\u0101ridhi"
    }
},
{
    "pk": 165, 
    "model": "carnatic.raaga", 
    "fields": {
        "transliteration": "kamaranjani", 
        "description": null, 
        "source": null, 
        "references": [], 
        "images": [
            3474
        ], 
        "name": "K\u0101maranjani"
    }
},
{
    "pk": 166, 
    "model": "carnatic.raaga", 
    "fields": {
        "transliteration": "nilambari", 
        "description": null, 
        "source": null, 
        "references": [], 
        "images": [], 
        "name": "N\u012bl\u0101\u1e41bari"
    }
},
{
    "pk": 167, 
    "model": "carnatic.raaga", 
    "fields": {
        "transliteration": "nayaki", 
        "description": null, 
        "source": null, 
        "references": [], 
        "images": [], 
        "name": "N\u0101yaki"
    }
},
{
    "pk": 168, 
    "model": "carnatic.raaga", 
    "fields": {
        "transliteration": "kalyana vasantham", 
        "description": null, 
        "source": null, 
        "references": [], 
        "images": [], 
        "name": "Ka\u1e37y\u0101\u1e47a vasanta\u1e41"
    }
},
{
    "pk": 169, 
    "model": "carnatic.raaga", 
    "fields": {
        "transliteration": "sucharitra", 
        "description": null, 
        "source": null, 
        "references": [], 
        "images": [
            3475
        ], 
        "name": "Sucaritra"
    }
},
{
    "pk": 170, 
    "model": "carnatic.raaga", 
    "fields": {
        "transliteration": "mayura saveri", 
        "description": null, 
        "source": null, 
        "references": [], 
        "images": [], 
        "name": "May\u016bra s\u0101v\u0113ri"
    }
},
{
    "pk": 171, 
    "model": "carnatic.raaga", 
    "fields": {
        "transliteration": "vagadeeswari", 
        "description": null, 
        "source": null, 
        "references": [], 
        "images": [], 
        "name": "V\u0101gad\u012b\u015bvari"
    }
},
{
    "pk": 172, 
    "model": "carnatic.raaga", 
    "fields": {
        "transliteration": "hindola vasantam", 
        "description": null, 
        "source": null, 
        "references": [], 
        "images": [], 
        "name": "Hind\u014d\u1e37a vasanta\u1e41"
    }
},
{
    "pk": 173, 
    "model": "carnatic.raaga", 
    "fields": {
        "transliteration": "shulini", 
        "description": null, 
        "source": null, 
        "references": [], 
        "images": [], 
        "name": "\u015a\u016b\u1e37i\u1e47i"
    }
},
{
    "pk": 174, 
    "model": "carnatic.raaga", 
    "fields": {
        "transliteration": "purvi", 
        "description": null, 
        "source": null, 
        "references": [], 
        "images": [
            3485
        ], 
        "name": "P\u016brvi"
    }
},
{
    "pk": 175, 
    "model": "carnatic.raaga", 
    "fields": {
        "transliteration": "maund", 
        "description": null, 
        "source": null, 
        "references": [], 
        "images": [], 
        "name": "M\u0101n\u1e0du"
    }
},
{
    "pk": 176, 
    "model": "carnatic.raaga", 
    "fields": {
        "transliteration": "Kannada gaula", 
        "description": null, 
        "source": null, 
        "references": [], 
        "images": [], 
        "name": "Kanna\u1e0da gaula"
    }
},
{
    "pk": 177, 
    "model": "carnatic.raaga", 
    "fields": {
        "transliteration": "devakriya", 
        "description": null, 
        "source": null, 
        "references": [], 
        "images": [
            3477
        ], 
        "name": "D\u0113vakriya"
    }
},
{
    "pk": 178, 
    "model": "carnatic.raaga", 
    "fields": {
        "transliteration": "bhoga saveri", 
        "description": null, 
        "source": null, 
        "references": [], 
        "images": [], 
        "name": "Bh\u014dga s\u0101v\u0113ri"
    }
},
{
    "pk": 179, 
    "model": "carnatic.raaga", 
    "fields": {
        "transliteration": "deepali", 
        "description": null, 
        "source": null, 
        "references": [], 
        "images": [
            3478
        ], 
        "name": "D\u012bp\u0101\u1e37i"
    }
},
{
    "pk": 180, 
    "model": "carnatic.raaga", 
    "fields": {
        "transliteration": "niroshtha", 
        "description": null, 
        "source": null, 
        "references": [], 
        "images": [], 
        "name": "Nir\u014d\u1e63ita"
    }
},
{
    "pk": 181, 
    "model": "carnatic.raaga", 
    "fields": {
        "transliteration": "jayantasena", 
        "description": null, 
        "source": null, 
        "references": [], 
        "images": [
            3479
        ], 
        "name": "Jayantas\u0113na"
    }
},
{
    "pk": 182, 
    "model": "carnatic.raaga", 
    "fields": {
        "transliteration": "gaulipantu", 
        "description": null, 
        "source": null, 
        "references": [], 
        "images": [
            3480
        ], 
        "name": "Gau\u1e37ipantu"
    }
},
{
    "pk": 183, 
    "model": "carnatic.raaga", 
    "fields": {
        "transliteration": "chandrakauns", 
        "description": null, 
        "source": null, 
        "references": [], 
        "images": [
            3481
        ], 
        "name": "Candrakauns"
    }
},
{
    "pk": 184, 
    "model": "carnatic.raaga", 
    "fields": {
        "transliteration": "harikambhoji", 
        "description": null, 
        "source": null, 
        "references": [], 
        "images": [], 
        "name": "Harik\u0101mbh\u014dji"
    }
},
{
    "pk": 185, 
    "model": "carnatic.raaga", 
    "fields": {
        "transliteration": "brindavana saranga", 
        "description": null, 
        "source": null, 
        "references": [], 
        "images": [], 
        "name": "B\u1e5bnd\u0101vana s\u0101ranga"
    }
},
{
    "pk": 186, 
    "model": "carnatic.raaga", 
    "fields": {
        "transliteration": "misra pahadi", 
        "description": null, 
        "source": null, 
        "references": [], 
        "images": [], 
        "name": "Mi\u015bra pah\u0101\u1e0di"
    }
},
{
    "pk": 187, 
    "model": "carnatic.raaga", 
    "fields": {
        "transliteration": "revati", 
        "description": null, 
        "source": null, 
        "references": [], 
        "images": [], 
        "name": "R\u0113vati"
    }
},
{
    "pk": 188, 
    "model": "carnatic.raaga", 
    "fields": {
        "transliteration": "sunadavinodini", 
        "description": null, 
        "source": null, 
        "references": [], 
        "images": [
            3483
        ], 
        "name": "Sun\u0101davin\u014ddini"
    }
},
{
    "pk": 189, 
    "model": "carnatic.raaga", 
    "fields": {
        "transliteration": "bhushavali", 
        "description": null, 
        "source": null, 
        "references": [], 
        "images": [
            3484
        ], 
        "name": "Bh\u016b\u1e63\u0101va\u1e37i"
    }
},
{
    "pk": 190, 
    "model": "carnatic.raaga", 
    "fields": {
        "transliteration": "kamalamanohari", 
        "description": null, 
        "source": null, 
        "references": [], 
        "images": [], 
        "name": "Kamal\u0101man\u014dhari"
    }
},
{
    "pk": 192, 
    "model": "carnatic.raaga", 
    "fields": {
        "transliteration": "chayanata", 
        "description": null, 
        "source": null, 
        "references": [], 
        "images": [
            3486
        ], 
        "name": "C\u0101y\u0101n\u0101\u1e6da"
    }
},
{
    "pk": 193, 
    "model": "carnatic.raaga", 
    "fields": {
        "transliteration": "gaula", 
        "description": null, 
        "source": null, 
        "references": [], 
        "images": [
            3511
        ], 
        "name": "Gau\u1e37a"
    }
},
{
    "pk": 194, 
    "model": "carnatic.raaga", 
    "fields": {
        "transliteration": "subhapantuvarali", 
        "description": null, 
        "source": null, 
        "references": [], 
        "images": [], 
        "name": "\u015aubhapantuvar\u0101\u1e37i"
    }
},
{
    "pk": 195, 
    "model": "carnatic.raaga", 
    "fields": {
        "transliteration": "udaya ravichandrika", 
        "description": null, 
        "source": null, 
        "references": [], 
        "images": [], 
        "name": "Udaya ravicandrika"
    }
},
{
    "pk": 196, 
    "model": "carnatic.raaga", 
    "fields": {
        "transliteration": "rama manohari", 
        "description": null, 
        "source": null, 
        "references": [], 
        "images": [], 
        "name": "R\u0101ma man\u014dhari"
    }
},
{
    "pk": 197, 
    "model": "carnatic.raaga", 
    "fields": {
        "transliteration": "naga gandhari", 
        "description": null, 
        "source": null, 
        "references": [], 
        "images": [], 
        "name": "N\u0101ga g\u0101ndh\u0101ri"
    }
},
{
    "pk": 198, 
    "model": "carnatic.raaga", 
    "fields": {
        "transliteration": "Vasanta varali", 
        "description": null, 
        "source": null, 
        "references": [], 
        "images": [], 
        "name": "Vasanta var\u0101\u1e37i"
    }
},
{
    "pk": 199, 
    "model": "carnatic.raaga", 
    "fields": {
        "transliteration": "ahir bhairavi", 
        "description": null, 
        "source": null, 
        "references": [], 
        "images": [], 
        "name": "\u0100hir bhairav"
    }
},
{
    "pk": 200, 
    "model": "carnatic.raaga", 
    "fields": {
        "transliteration": "karnataka shuddha saveri", 
        "description": null, 
        "source": null, 
        "references": [], 
        "images": [], 
        "name": "Kar\u1e47\u0101\u1e6daka \u015budda s\u0101v\u0113ri"
    }
},
{
    "pk": 201, 
    "model": "carnatic.raaga", 
    "fields": {
        "transliteration": "saranga", 
        "description": null, 
        "source": null, 
        "references": [], 
        "images": [
            3482, 
            3491
        ], 
        "name": "S\u0101ranga"
    }
},
{
    "pk": 202, 
    "model": "carnatic.raaga", 
    "fields": {
        "transliteration": "shuddhaseemantini", 
        "description": null, 
        "source": null, 
        "references": [], 
        "images": [], 
        "name": "\u015auddas\u012bmantini"
    }
},
{
    "pk": 203, 
    "model": "carnatic.raaga", 
    "fields": {
        "transliteration": "janaranjani", 
        "description": null, 
        "source": null, 
        "references": [], 
        "images": [
            3492
        ], 
        "name": "Janaranjani"
    }
},
{
    "pk": 204, 
    "model": "carnatic.raaga", 
    "fields": {
        "transliteration": "margahindolam", 
        "description": null, 
        "source": null, 
        "references": [], 
        "images": [], 
        "name": "M\u0101rgahind\u014d\u1e37a\u1e41"
    }
},
{
    "pk": 205, 
    "model": "carnatic.raaga", 
    "fields": {
        "transliteration": "patdeep", 
        "description": null, 
        "source": null, 
        "references": [], 
        "images": [
            3493
        ], 
        "name": "Pa\u1e6dd\u012bp"
    }
},
{
    "pk": 206, 
    "model": "carnatic.raaga", 
    "fields": {
        "transliteration": "gauda malhar", 
        "description": null, 
        "source": null, 
        "references": [], 
        "images": [], 
        "name": "Gau\u1e0da malh\u0101r"
    }
},
{
    "pk": 207, 
    "model": "carnatic.raaga", 
    "fields": {
        "transliteration": "jayamanohari", 
        "description": null, 
        "source": null, 
        "references": [], 
        "images": [
            3494
        ], 
        "name": "Jaya man\u014dhari"
    }
},
{
    "pk": 208, 
    "model": "carnatic.raaga", 
    "fields": {
        "transliteration": "hameer kalyani", 
        "description": null, 
        "source": null, 
        "references": [], 
        "images": [], 
        "name": "Ham\u012br ka\u1e37ya\u1e47i"
    }
},
{
    "pk": 209, 
    "model": "carnatic.raaga", 
    "fields": {
        "transliteration": "malayamarutam", 
        "description": null, 
        "source": null, 
        "references": [], 
        "images": [], 
        "name": "Malayam\u0101ruta\u1e41"
    }
},
{
    "pk": 210, 
    "model": "carnatic.raaga", 
    "fields": {
        "transliteration": "kamboji", 
        "description": null, 
        "source": null, 
        "references": [], 
        "images": [], 
        "name": "K\u0101\u1e41bh\u014dji"
    }
},
{
    "pk": 211, 
    "model": "carnatic.raaga", 
    "fields": {
        "transliteration": "kalgada", 
        "description": null, 
        "source": null, 
        "references": [], 
        "images": [
            3496
        ], 
        "name": "Kalga\u1e0da"
    }
},
{
    "pk": 213, 
    "model": "carnatic.raaga", 
    "fields": {
        "transliteration": "balahamsa", 
        "description": null, 
        "source": null, 
        "references": [], 
        "images": [
            3497
        ], 
        "name": "Balaha\u1e41sa"
    }
},
{
    "pk": 214, 
    "model": "carnatic.raaga", 
    "fields": {
        "transliteration": "jyoti swarupini", 
        "description": null, 
        "source": null, 
        "references": [], 
        "images": [], 
        "name": "Jy\u014dti svar\u016bpi\u1e47i"
    }
},
{
    "pk": 216, 
    "model": "carnatic.raaga", 
    "fields": {
        "transliteration": "dhenuka", 
        "description": null, 
        "source": null, 
        "references": [], 
        "images": [
            3499
        ], 
        "name": "Dh\u0113nuka"
    }
},
{
    "pk": 218, 
    "model": "carnatic.raaga", 
    "fields": {
        "transliteration": "jogiya", 
        "description": null, 
        "source": null, 
        "references": [], 
        "images": [], 
        "name": "J\u014dgiya"
    }
},
{
    "pk": 219, 
    "model": "carnatic.raaga", 
    "fields": {
        "transliteration": "durga", 
        "description": null, 
        "source": null, 
        "references": [], 
        "images": [
            3500
        ], 
        "name": "Durga"
    }
},
{
    "pk": 220, 
    "model": "carnatic.raaga", 
    "fields": {
        "transliteration": "mohana kalyani", 
        "description": null, 
        "source": null, 
        "references": [], 
        "images": [], 
        "name": "M\u014dhan ka\u1e37y\u0101\u1e47i"
    }
},
{
    "pk": 221, 
    "model": "carnatic.raaga", 
    "fields": {
        "transliteration": "darbari kanada", 
        "description": null, 
        "source": null, 
        "references": [], 
        "images": [], 
        "name": "Darb\u0101r\u012b k\u0101na\u1e0da"
    }
},
{
    "pk": 222, 
    "model": "carnatic.raaga", 
    "fields": {
        "transliteration": "chandrajyothi", 
        "description": null, 
        "source": null, 
        "references": [], 
        "images": [
            3502
        ], 
        "name": "Candrajy\u014dti"
    }
},
{
    "pk": 223, 
    "model": "carnatic.raaga", 
    "fields": {
        "transliteration": "chittaranjani", 
        "description": null, 
        "source": null, 
        "references": [], 
        "images": [
            3503
        ], 
        "name": "Cittaranjani"
    }
},
{
    "pk": 224, 
    "model": "carnatic.raaga", 
    "fields": {
        "transliteration": "kedaram", 
        "description": null, 
        "source": null, 
        "references": [], 
        "images": [
            3504
        ], 
        "name": "Ked\u0101ra\u1e41"
    }
},
{
    "pk": 225, 
    "model": "carnatic.raaga", 
    "fields": {
        "transliteration": "latangi", 
        "description": null, 
        "source": null, 
        "references": [], 
        "images": [
            3505
        ], 
        "name": "Lat\u0101ngi"
    }
},
{
    "pk": 226, 
    "model": "carnatic.raaga", 
    "fields": {
        "transliteration": "vakulabharanam", 
        "description": null, 
        "source": null, 
        "references": [], 
        "images": [
            3506
        ], 
        "name": "Vaku\u1e37\u0101bhara\u1e47a\u1e41"
    }
},
{
    "pk": 227, 
    "model": "carnatic.raaga", 
    "fields": {
        "transliteration": "lalitha panjamam", 
        "description": null, 
        "source": null, 
        "references": [], 
        "images": [], 
        "name": "Lalita pancama\u1e41"
    }
},
{
    "pk": 229, 
    "model": "carnatic.raaga", 
    "fields": {
        "transliteration": "kokiladvani", 
        "description": null, 
        "source": null, 
        "references": [], 
        "images": [], 
        "name": "K\u014dkiladhvani"
    }
},
{
    "pk": 231, 
    "model": "carnatic.raaga", 
    "fields": {
        "transliteration": "sumanesaranjani", 
        "description": null, 
        "source": null, 
        "references": [], 
        "images": [], 
        "name": "Suman\u0113\u015baranjani"
    }
},
{
    "pk": 232, 
    "model": "carnatic.raaga", 
    "fields": {
        "transliteration": "charukesi", 
        "description": null, 
        "source": null, 
        "references": [], 
        "images": [
            3508
        ], 
        "name": "C\u0101ruk\u0113\u015bi"
    }
},
{
    "pk": 233, 
    "model": "carnatic.raaga", 
    "fields": {
        "transliteration": "nasikabhushani", 
        "description": null, 
        "source": null, 
        "references": [], 
        "images": [
            3509
        ], 
        "name": "N\u0101sikabh\u016b\u1e63a\u1e47i"
    }
},
{
    "pk": 236, 
    "model": "carnatic.raaga", 
    "fields": {
        "transliteration": "ratipati priya", 
        "description": null, 
        "source": null, 
        "references": [], 
        "images": [], 
        "name": "Ratipati priya"
    }
},
{
    "pk": 237, 
    "model": "carnatic.raaga", 
    "fields": {
        "transliteration": "hindustan gandhari", 
        "description": null, 
        "source": null, 
        "references": [], 
        "images": [], 
        "name": "Hindust\u0101n g\u0101ndh\u0101ri"
    }
},
{
    "pk": 238, 
    "model": "carnatic.raaga", 
    "fields": {
        "transliteration": "nalinakanti", 
        "description": null, 
        "source": null, 
        "references": [], 
        "images": [], 
        "name": "Na\u1e37inak\u0101nti"
    }
},
{
    "pk": 239, 
    "model": "carnatic.raaga", 
    "fields": {
        "transliteration": "kavadi chindu", 
        "description": null, 
        "source": null, 
        "references": [], 
        "images": [], 
        "name": "K\u0101va\u1e0dicindu"
    }
},
{
    "pk": 240, 
    "model": "carnatic.raaga", 
    "fields": {
        "transliteration": "tanarupi", 
        "description": null, 
        "source": null, 
        "references": [], 
        "images": [
            3515
        ], 
        "name": "Tanar\u016bpi"
    }
},
{
    "pk": 241, 
    "model": "carnatic.raaga", 
    "fields": {
        "transliteration": "thilang", 
        "description": null, 
        "source": null, 
        "references": [], 
        "images": [
            3516
        ], 
        "name": "Till\u0101ng"
    }
},
{
    "pk": 242, 
    "model": "carnatic.raaga", 
    "fields": {
        "transliteration": "sankarabharanam", 
        "description": null, 
        "source": null, 
        "references": [], 
        "images": [], 
        "name": "\u015aankar\u0101bhara\u1e47a\u1e41"
    }
},
{
    "pk": 244, 
    "model": "carnatic.raaga", 
    "fields": {
        "transliteration": "salaga bhairavi", 
        "description": null, 
        "source": null, 
        "references": [], 
        "images": [], 
        "name": "S\u0101laga bhairavi"
    }
},
{
    "pk": 245, 
    "model": "carnatic.raaga", 
    "fields": {
        "transliteration": "bhupalam", 
        "description": null, 
        "source": null, 
        "references": [], 
        "images": [], 
        "name": "Bh\u016bp\u0101\u1e37a\u1e41"
    }
},
{
    "pk": 246, 
    "model": "carnatic.raaga", 
    "fields": {
        "transliteration": "malavi", 
        "description": null, 
        "source": null, 
        "references": [], 
        "images": [], 
        "name": "M\u0101\u1e37avi"
    }
},
{
    "pk": 247, 
    "model": "carnatic.raaga", 
    "fields": {
        "transliteration": "sama", 
        "description": null, 
        "source": null, 
        "references": [], 
        "images": [
            3519
        ], 
        "name": "S\u0101ma"
    }
},
{
    "pk": 248, 
    "model": "carnatic.raaga", 
    "fields": {
        "transliteration": "gaurimanohari", 
        "description": null, 
        "source": null, 
        "references": [], 
        "images": [], 
        "name": "Gaur\u012bman\u014dhari"
    }
},
{
    "pk": 249, 
    "model": "carnatic.raaga", 
    "fields": {
        "transliteration": "shuddhadhanyasi", 
        "description": null, 
        "source": null, 
        "references": [], 
        "images": [], 
        "name": "\u015auddadhany\u0101si"
    }
},
{
    "pk": 251, 
    "model": "carnatic.raaga", 
    "fields": {
        "transliteration": "amritavahini", 
        "description": null, 
        "source": null, 
        "references": [], 
        "images": [], 
        "name": "Am\u1e5btav\u0101hi\u1e47i"
    }
},
{
    "pk": 252, 
    "model": "carnatic.raaga", 
    "fields": {
        "transliteration": "bhavapriya", 
        "description": null, 
        "source": null, 
        "references": [], 
        "images": [], 
        "name": "Bh\u0101vapriya"
    }
},
{
    "pk": 253, 
    "model": "carnatic.raaga", 
    "fields": {
        "transliteration": "budamanohari", 
        "description": null, 
        "source": null, 
        "references": [], 
        "images": [], 
        "name": "Budaman\u014dhari"
    }
},
{
    "pk": 254, 
    "model": "carnatic.raaga", 
    "fields": {
        "transliteration": "gamakakriya", 
        "description": null, 
        "source": null, 
        "references": [], 
        "images": [
            3465
        ], 
        "name": "Gamakakriya/P\u016brv\u012bka\u1e37y\u0101\u1e47i"
    }
},
{
    "pk": 255, 
    "model": "carnatic.raaga", 
    "fields": {
        "transliteration": "gambhira vaani", 
        "description": null, 
        "source": null, 
        "references": [], 
        "images": [], 
        "name": "Ga\u1e41bh\u012bra v\u0101\u1e47i"
    }
},
{
    "pk": 256, 
    "model": "carnatic.raaga", 
    "fields": {
        "transliteration": "hamsavinodini", 
        "description": null, 
        "source": null, 
        "references": [], 
        "images": [], 
        "name": "Hamsavin\u014ddini"
    }
},
{
    "pk": 257, 
    "model": "carnatic.raaga", 
    "fields": {
        "transliteration": "jog", 
        "description": null, 
        "source": null, 
        "references": [], 
        "images": [], 
        "name": "J\u014dg"
    }
},
{
    "pk": 258, 
    "model": "carnatic.raaga", 
    "fields": {
        "transliteration": "kantamani", 
        "description": null, 
        "source": null, 
        "references": [], 
        "images": [], 
        "name": "K\u0101nt\u0101ma\u1e47i"
    }
},
{
    "pk": 259, 
    "model": "carnatic.raaga", 
    "fields": {
        "transliteration": "karnaranjani", 
        "description": null, 
        "source": null, 
        "references": [], 
        "images": [], 
        "name": "Kar\u1e47aranjani"
    }
},
{
    "pk": 260, 
    "model": "carnatic.raaga", 
    "fields": {
        "transliteration": "lavangi", 
        "description": null, 
        "source": null, 
        "references": [], 
        "images": [], 
        "name": "Lav\u0101ngi"
    }
},
{
    "pk": 261, 
    "model": "carnatic.raaga", 
    "fields": {
        "transliteration": "madhyama varali", 
        "description": null, 
        "source": null, 
        "references": [], 
        "images": [], 
        "name": "Madhyam\u0101 var\u0101\u1e37i"
    }
},
{
    "pk": 262, 
    "model": "carnatic.raaga", 
    "fields": {
        "transliteration": "madyamavati", 
        "description": null, 
        "source": null, 
        "references": [], 
        "images": [], 
        "name": "Madhyam\u0101vati"
    }
},
{
    "pk": 263, 
    "model": "carnatic.raaga", 
    "fields": {
        "transliteration": "malahari", 
        "description": null, 
        "source": null, 
        "references": [], 
        "images": [], 
        "name": "Malahari"
    }
},
{
    "pk": 264, 
    "model": "carnatic.raaga", 
    "fields": {
        "transliteration": "misra yaman", 
        "description": null, 
        "source": null, 
        "references": [], 
        "images": [], 
        "name": "Mi\u015bra yaman"
    }
},
{
    "pk": 265, 
    "model": "carnatic.raaga", 
    "fields": {
        "transliteration": "nagasvaravali", 
        "description": null, 
        "source": null, 
        "references": [], 
        "images": [], 
        "name": "N\u0101gasvar\u0101va\u1e37i"
    }
},
{
    "pk": 266, 
    "model": "carnatic.raaga", 
    "fields": {
        "transliteration": "nata", 
        "description": null, 
        "source": null, 
        "references": [], 
        "images": [
            3439, 
            3446, 
            3466, 
            3468, 
            3470, 
            3486, 
            3490
        ], 
        "name": "N\u0101\u1e6da"
    }
},
{
    "pk": 267, 
    "model": "carnatic.raaga", 
    "fields": {
        "transliteration": "natabhairavi", 
        "description": null, 
        "source": null, 
        "references": [], 
        "images": [], 
        "name": "Na\u1e6dabhairavi"
    }
},
{
    "pk": 268, 
    "model": "carnatic.raaga", 
    "fields": {
        "transliteration": "natakapriya", 
        "description": null, 
        "source": null, 
        "references": [], 
        "images": [], 
        "name": "N\u0101\u1e6dakapriya"
    }
},
{
    "pk": 269, 
    "model": "carnatic.raaga", 
    "fields": {
        "transliteration": "ragavinodini", 
        "description": null, 
        "source": null, 
        "references": [], 
        "images": [], 
        "name": "R\u0101gavin\u014ddini"
    }
},
{
    "pk": 270, 
    "model": "carnatic.raaga", 
    "fields": {
        "transliteration": "rageshri", 
        "description": null, 
        "source": null, 
        "references": [], 
        "images": [], 
        "name": "R\u0101g\u0113\u015br\u012b"
    }
},
{
    "pk": 271, 
    "model": "carnatic.raaga", 
    "fields": {
        "transliteration": "rasikapriya", 
        "description": null, 
        "source": null, 
        "references": [], 
        "images": [], 
        "name": "Rasikapriya"
    }
},
{
    "pk": 272, 
    "model": "carnatic.raaga", 
    "fields": {
        "transliteration": "saramathi", 
        "description": null, 
        "source": null, 
        "references": [], 
        "images": [], 
        "name": "S\u0101r\u0101mati"
    }
},
{
    "pk": 273, 
    "model": "carnatic.raaga", 
    "fields": {
        "transliteration": "sarasangi", 
        "description": null, 
        "source": null, 
        "references": [], 
        "images": [], 
        "name": "Saras\u0101ngi"
    }
},
{
    "pk": 274, 
    "model": "carnatic.raaga", 
    "fields": {
        "transliteration": "saveri", 
        "description": null, 
        "source": null, 
        "references": [], 
        "images": [
            3418, 
            3490
        ], 
        "name": "S\u0101v\u0113ri"
    }
},
{
    "pk": 275, 
    "model": "carnatic.raaga", 
    "fields": {
        "transliteration": "shivaranjani", 
        "description": null, 
        "source": null, 
        "references": [], 
        "images": [], 
        "name": "\u015aivaranjani"
    }
},
{
    "pk": 276, 
    "model": "carnatic.raaga", 
    "fields": {
        "transliteration": "shuddhasarang", 
        "description": null, 
        "source": null, 
        "references": [], 
        "images": [], 
        "name": "\u015audda s\u0101rang"
    }
},
{
    "pk": 277, 
    "model": "carnatic.raaga", 
    "fields": {
        "transliteration": "swararanjani", 
        "description": null, 
        "source": null, 
        "references": [], 
        "images": [], 
        "name": "Svararanjani"
    }
},
{
    "pk": 278, 
    "model": "carnatic.raaga", 
    "fields": {
        "transliteration": "shyam kalyan", 
        "description": null, 
        "source": null, 
        "references": [], 
        "images": [], 
        "name": "\u015ay\u0101\u1e41 ka\u1e37y\u0101\u1e47"
    }
},
{
    "pk": 279, 
    "model": "carnatic.raaga", 
    "fields": {
        "transliteration": "varamu", 
        "description": null, 
        "source": null, 
        "references": [], 
        "images": [], 
        "name": "Varamu"
    }
},
{
    "pk": 280, 
    "model": "carnatic.raaga", 
    "fields": {
        "transliteration": "vasanta bhairavi", 
        "description": null, 
        "source": null, 
        "references": [], 
        "images": [], 
        "name": "Vasantabhairavi"
    }
},
{
    "pk": 281, 
    "model": "carnatic.raaga", 
    "fields": {
        "transliteration": "vaasanthi", 
        "description": null, 
        "source": null, 
        "references": [], 
        "images": [], 
        "name": "V\u0101santi"
    }
},
{
    "pk": 1, 
    "model": "carnatic.raagaalias", 
    "fields": {
        "name": "poorna shadjam", 
        "raaga": 61
    }
},
{
    "pk": 2, 
    "model": "carnatic.raagaalias", 
    "fields": {
        "name": "poornashadjam", 
        "raaga": 61
    }
},
{
    "pk": 3, 
    "model": "carnatic.raagaalias", 
    "fields": {
        "name": "purnashadjam", 
        "raaga": 61
    }
},
{
    "pk": 4, 
    "model": "carnatic.raagaalias", 
    "fields": {
        "name": "chaturdashaalika", 
        "raaga": 62
    }
},
{
    "pk": 5, 
    "model": "carnatic.raagaalias", 
    "fields": {
        "name": "yadhukulakambodhi", 
        "raaga": 59
    }
},
{
    "pk": 6, 
    "model": "carnatic.raagaalias", 
    "fields": {
        "name": "yadukula kamboji", 
        "raaga": 59
    }
},
{
    "pk": 7, 
    "model": "carnatic.raagaalias", 
    "fields": {
        "name": "yadukula-kambhoji", 
        "raaga": 59
    }
},
{
    "pk": 8, 
    "model": "carnatic.raagaalias", 
    "fields": {
        "name": "yadukulakambhoji", 
        "raaga": 59
    }
},
{
    "pk": 9, 
    "model": "carnatic.raagaalias", 
    "fields": {
        "name": "yadukulakamboji", 
        "raaga": 59
    }
},
{
    "pk": 10, 
    "model": "carnatic.raagaalias", 
    "fields": {
        "name": "raagamalika", 
        "raaga": 64
    }
},
{
    "pk": 11, 
    "model": "carnatic.raagaalias", 
    "fields": {
        "name": "ragamalika1", 
        "raaga": 64
    }
},
{
    "pk": 12, 
    "model": "carnatic.raagaalias", 
    "fields": {
        "name": "dwijavanthi", 
        "raaga": 66
    }
},
{
    "pk": 13, 
    "model": "carnatic.raagaalias", 
    "fields": {
        "name": "dwijavanti", 
        "raaga": 66
    }
},
{
    "pk": 14, 
    "model": "carnatic.raagaalias", 
    "fields": {
        "name": "dwijavanti3", 
        "raaga": 66
    }
},
{
    "pk": 15, 
    "model": "carnatic.raagaalias", 
    "fields": {
        "name": "reethi gowlai", 
        "raaga": 70
    }
},
{
    "pk": 16, 
    "model": "carnatic.raagaalias", 
    "fields": {
        "name": "reethi gowla", 
        "raaga": 70
    }
},
{
    "pk": 17, 
    "model": "carnatic.raagaalias", 
    "fields": {
        "name": "reethigowla", 
        "raaga": 70
    }
},
{
    "pk": 18, 
    "model": "carnatic.raagaalias", 
    "fields": {
        "name": "reeti gowla", 
        "raaga": 70
    }
},
{
    "pk": 19, 
    "model": "carnatic.raagaalias", 
    "fields": {
        "name": "reetigaula", 
        "raaga": 70
    }
},
{
    "pk": 20, 
    "model": "carnatic.raagaalias", 
    "fields": {
        "name": "reetigowla", 
        "raaga": 70
    }
},
{
    "pk": 21, 
    "model": "carnatic.raagaalias", 
    "fields": {
        "name": "mandari", 
        "raaga": 71
    }
},
{
    "pk": 22, 
    "model": "carnatic.raagaalias", 
    "fields": {
        "name": "maayamaalavagowla", 
        "raaga": 72
    }
},
{
    "pk": 23, 
    "model": "carnatic.raagaalias", 
    "fields": {
        "name": "mayamalava gowla", 
        "raaga": 72
    }
},
{
    "pk": 24, 
    "model": "carnatic.raagaalias", 
    "fields": {
        "name": "mayamalavagaula", 
        "raaga": 72
    }
},
{
    "pk": 25, 
    "model": "carnatic.raagaalias", 
    "fields": {
        "name": "mayamalavagoula", 
        "raaga": 72
    }
},
{
    "pk": 26, 
    "model": "carnatic.raagaalias", 
    "fields": {
        "name": "mayamalavagowla", 
        "raaga": 72
    }
},
{
    "pk": 27, 
    "model": "carnatic.raagaalias", 
    "fields": {
        "name": "punnagavarali", 
        "raaga": 73
    }
},
{
    "pk": 28, 
    "model": "carnatic.raagaalias", 
    "fields": {
        "name": "nagasvaravali", 
        "raaga": 73
    }
},
{
    "pk": 29, 
    "model": "carnatic.raagaalias", 
    "fields": {
        "name": "nagaswaravali", 
        "raaga": 73
    }
},
{
    "pk": 30, 
    "model": "carnatic.raagaalias", 
    "fields": {
        "name": "bhimplas", 
        "raaga": 76
    }
},
{
    "pk": 31, 
    "model": "carnatic.raagaalias", 
    "fields": {
        "name": "pharas", 
        "raaga": 77
    }
},
{
    "pk": 32, 
    "model": "carnatic.raagaalias", 
    "fields": {
        "name": "pharaz", 
        "raaga": 77
    }
},
{
    "pk": 33, 
    "model": "carnatic.raagaalias", 
    "fields": {
        "name": "paraju", 
        "raaga": 77
    }
},
{
    "pk": 34, 
    "model": "carnatic.raagaalias", 
    "fields": {
        "name": "jagan mohini", 
        "raaga": 24
    }
},
{
    "pk": 35, 
    "model": "carnatic.raagaalias", 
    "fields": {
        "name": "dhanasri", 
        "raaga": 17
    }
},
{
    "pk": 36, 
    "model": "carnatic.raagaalias", 
    "fields": {
        "name": "dhanyasi1", 
        "raaga": 17
    }
},
{
    "pk": 37, 
    "model": "carnatic.raagaalias", 
    "fields": {
        "name": "devamrita varshini", 
        "raaga": 78
    }
},
{
    "pk": 38, 
    "model": "carnatic.raagaalias", 
    "fields": {
        "name": "devamritavarshini", 
        "raaga": 78
    }
},
{
    "pk": 39, 
    "model": "carnatic.raagaalias", 
    "fields": {
        "name": "devamrithavarshini", 
        "raaga": 78
    }
},
{
    "pk": 40, 
    "model": "carnatic.raagaalias", 
    "fields": {
        "name": "devamruthavarshini", 
        "raaga": 78
    }
},
{
    "pk": 41, 
    "model": "carnatic.raagaalias", 
    "fields": {
        "name": "devamruthvarshini", 
        "raaga": 78
    }
},
{
    "pk": 42, 
    "model": "carnatic.raagaalias", 
    "fields": {
        "name": "nathanamakriya", 
        "raaga": 80
    }
},
{
    "pk": 43, 
    "model": "carnatic.raagaalias", 
    "fields": {
        "name": "nadanamakriya1", 
        "raaga": 80
    }
},
{
    "pk": 44, 
    "model": "carnatic.raagaalias", 
    "fields": {
        "name": "simhendramadhyamam", 
        "raaga": 81
    }
},
{
    "pk": 45, 
    "model": "carnatic.raagaalias", 
    "fields": {
        "name": "simmendramadhyam", 
        "raaga": 81
    }
},
{
    "pk": 46, 
    "model": "carnatic.raagaalias", 
    "fields": {
        "name": "misra yaman", 
        "raaga": 82
    }
},
{
    "pk": 47, 
    "model": "carnatic.raagaalias", 
    "fields": {
        "name": "yaman kalyani", 
        "raaga": 83
    }
},
{
    "pk": 48, 
    "model": "carnatic.raagaalias", 
    "fields": {
        "name": "yamankalyan", 
        "raaga": 83
    }
},
{
    "pk": 49, 
    "model": "carnatic.raagaalias", 
    "fields": {
        "name": "yamunakalyani", 
        "raaga": 83
    }
},
{
    "pk": 50, 
    "model": "carnatic.raagaalias", 
    "fields": {
        "name": "yeman kalyani", 
        "raaga": 83
    }
},
{
    "pk": 51, 
    "model": "carnatic.raagaalias", 
    "fields": {
        "name": "bhavapriya", 
        "raaga": 85
    }
},
{
    "pk": 52, 
    "model": "carnatic.raagaalias", 
    "fields": {
        "name": "begada1", 
        "raaga": 8
    }
},
{
    "pk": 53, 
    "model": "carnatic.raagaalias", 
    "fields": {
        "name": "moharanjani", 
        "raaga": 89
    }
},
{
    "pk": 54, 
    "model": "carnatic.raagaalias", 
    "fields": {
        "name": "todi", 
        "raaga": 55
    }
},
{
    "pk": 55, 
    "model": "carnatic.raagaalias", 
    "fields": {
        "name": "chakravaham", 
        "raaga": 94
    }
},
{
    "pk": 56, 
    "model": "carnatic.raagaalias", 
    "fields": {
        "name": "chakravaka", 
        "raaga": 94
    }
},
{
    "pk": 57, 
    "model": "carnatic.raagaalias", 
    "fields": {
        "name": "kalavati", 
        "raaga": 95
    }
},
{
    "pk": 58, 
    "model": "carnatic.raagaalias", 
    "fields": {
        "name": "alika", 
        "raaga": 96
    }
},
{
    "pk": 59, 
    "model": "carnatic.raagaalias", 
    "fields": {
        "name": "shree ranjani", 
        "raaga": 98
    }
},
{
    "pk": 60, 
    "model": "carnatic.raagaalias", 
    "fields": {
        "name": "shruthiranjani", 
        "raaga": 98
    }
},
{
    "pk": 61, 
    "model": "carnatic.raagaalias", 
    "fields": {
        "name": "sri ranjani", 
        "raaga": 98
    }
},
{
    "pk": 62, 
    "model": "carnatic.raagaalias", 
    "fields": {
        "name": "kadana kuthoohalam", 
        "raaga": 99
    }
},
{
    "pk": 63, 
    "model": "carnatic.raagaalias", 
    "fields": {
        "name": "kadanakuthuhalam", 
        "raaga": 99
    }
},
{
    "pk": 64, 
    "model": "carnatic.raagaalias", 
    "fields": {
        "name": "kadanakuthuhulam", 
        "raaga": 99
    }
},
{
    "pk": 65, 
    "model": "carnatic.raagaalias", 
    "fields": {
        "name": "veera vasantham", 
        "raaga": 101
    }
},
{
    "pk": 66, 
    "model": "carnatic.raagaalias", 
    "fields": {
        "name": "bageswari", 
        "raaga": 102
    }
},
{
    "pk": 67, 
    "model": "carnatic.raagaalias", 
    "fields": {
        "name": "bhageshree", 
        "raaga": 102
    }
},
{
    "pk": 68, 
    "model": "carnatic.raagaalias", 
    "fields": {
        "name": "rageshri", 
        "raaga": 102
    }
},
{
    "pk": 69, 
    "model": "carnatic.raagaalias", 
    "fields": {
        "name": "kunthalavarali", 
        "raaga": 33
    }
},
{
    "pk": 70, 
    "model": "carnatic.raagaalias", 
    "fields": {
        "name": "kantamani", 
        "raaga": 104
    }
},
{
    "pk": 71, 
    "model": "carnatic.raagaalias", 
    "fields": {
        "name": "varamu", 
        "raaga": 57
    }
},
{
    "pk": 72, 
    "model": "carnatic.raagaalias", 
    "fields": {
        "name": "varnam", 
        "raaga": 57
    }
},
{
    "pk": 73, 
    "model": "carnatic.raagaalias", 
    "fields": {
        "name": "gambheera nata", 
        "raaga": 106
    }
},
{
    "pk": 74, 
    "model": "carnatic.raagaalias", 
    "fields": {
        "name": "gambheera natai", 
        "raaga": 106
    }
},
{
    "pk": 75, 
    "model": "carnatic.raagaalias", 
    "fields": {
        "name": "gambhira nattai", 
        "raaga": 106
    }
},
{
    "pk": 76, 
    "model": "carnatic.raagaalias", 
    "fields": {
        "name": "gambhira vaani", 
        "raaga": 106
    }
},
{
    "pk": 77, 
    "model": "carnatic.raagaalias", 
    "fields": {
        "name": "gambhiranattai", 
        "raaga": 106
    }
},
{
    "pk": 78, 
    "model": "carnatic.raagaalias", 
    "fields": {
        "name": "hamsa nadam", 
        "raaga": 107
    }
},
{
    "pk": 79, 
    "model": "carnatic.raagaalias", 
    "fields": {
        "name": "hamsanandi", 
        "raaga": 107
    }
},
{
    "pk": 80, 
    "model": "carnatic.raagaalias", 
    "fields": {
        "name": "hamsanandham", 
        "raaga": 107
    }
},
{
    "pk": 81, 
    "model": "carnatic.raagaalias", 
    "fields": {
        "name": "hamsanandi2", 
        "raaga": 107
    }
},
{
    "pk": 82, 
    "model": "carnatic.raagaalias", 
    "fields": {
        "name": "bowli", 
        "raaga": 110
    }
},
{
    "pk": 83, 
    "model": "carnatic.raagaalias", 
    "fields": {
        "name": "bouli", 
        "raaga": 110
    }
},
{
    "pk": 84, 
    "model": "carnatic.raagaalias", 
    "fields": {
        "name": "amritavahini", 
        "raaga": 111
    }
},
{
    "pk": 85, 
    "model": "carnatic.raagaalias", 
    "fields": {
        "name": "saraswathi", 
        "raaga": 112
    }
},
{
    "pk": 86, 
    "model": "carnatic.raagaalias", 
    "fields": {
        "name": "saramathi", 
        "raaga": 112
    }
},
{
    "pk": 87, 
    "model": "carnatic.raagaalias", 
    "fields": {
        "name": "saramati", 
        "raaga": 112
    }
},
{
    "pk": 88, 
    "model": "carnatic.raagaalias", 
    "fields": {
        "name": "sarasangi", 
        "raaga": 112
    }
},
{
    "pk": 89, 
    "model": "carnatic.raagaalias", 
    "fields": {
        "name": "garudadwani", 
        "raaga": 116
    }
},
{
    "pk": 90, 
    "model": "carnatic.raagaalias", 
    "fields": {
        "name": "shuddhasarang", 
        "raaga": 52
    }
},
{
    "pk": 91, 
    "model": "carnatic.raagaalias", 
    "fields": {
        "name": "shuddhasaveri", 
        "raaga": 52
    }
},
{
    "pk": 92, 
    "model": "carnatic.raagaalias", 
    "fields": {
        "name": "sudda saveri", 
        "raaga": 52
    }
},
{
    "pk": 93, 
    "model": "carnatic.raagaalias", 
    "fields": {
        "name": "suddha saveri", 
        "raaga": 52
    }
},
{
    "pk": 94, 
    "model": "carnatic.raagaalias", 
    "fields": {
        "name": "suddhasaveri", 
        "raaga": 52
    }
},
{
    "pk": 95, 
    "model": "carnatic.raagaalias", 
    "fields": {
        "name": "revagupthi", 
        "raaga": 118
    }
},
{
    "pk": 96, 
    "model": "carnatic.raagaalias", 
    "fields": {
        "name": "keeravani", 
        "raaga": 120
    }
},
{
    "pk": 97, 
    "model": "carnatic.raagaalias", 
    "fields": {
        "name": "sarasvati manohari", 
        "raaga": 121
    }
},
{
    "pk": 98, 
    "model": "carnatic.raagaalias", 
    "fields": {
        "name": "saraswathi manohari", 
        "raaga": 121
    }
},
{
    "pk": 99, 
    "model": "carnatic.raagaalias", 
    "fields": {
        "name": "budamanohari", 
        "raaga": 15
    }
},
{
    "pk": 100, 
    "model": "carnatic.raagaalias", 
    "fields": {
        "name": "deva manohari", 
        "raaga": 15
    }
},
{
    "pk": 101, 
    "model": "carnatic.raagaalias", 
    "fields": {
        "name": "gopikavasantham", 
        "raaga": 127
    }
},
{
    "pk": 102, 
    "model": "carnatic.raagaalias", 
    "fields": {
        "name": "kharaharapriya", 
        "raaga": 31
    }
},
{
    "pk": 103, 
    "model": "carnatic.raagaalias", 
    "fields": {
        "name": "kharaharpriya", 
        "raaga": 31
    }
},
{
    "pk": 104, 
    "model": "carnatic.raagaalias", 
    "fields": {
        "name": "hamsashwani", 
        "raaga": 20
    }
},
{
    "pk": 105, 
    "model": "carnatic.raagaalias", 
    "fields": {
        "name": "hamsadhwani", 
        "raaga": 20
    }
},
{
    "pk": 106, 
    "model": "carnatic.raagaalias", 
    "fields": {
        "name": "hamsadwani", 
        "raaga": 20
    }
},
{
    "pk": 107, 
    "model": "carnatic.raagaalias", 
    "fields": {
        "name": "aahiri", 
        "raaga": 134
    }
},
{
    "pk": 108, 
    "model": "carnatic.raagaalias", 
    "fields": {
        "name": "kapinarayani", 
        "raaga": 135
    }
},
{
    "pk": 109, 
    "model": "carnatic.raagaalias", 
    "fields": {
        "name": "bhahudari", 
        "raaga": 7
    }
},
{
    "pk": 110, 
    "model": "carnatic.raagaalias", 
    "fields": {
        "name": "sindh bhairavi", 
        "raaga": 136
    }
},
{
    "pk": 111, 
    "model": "carnatic.raagaalias", 
    "fields": {
        "name": "sindhu bhairavi", 
        "raaga": 136
    }
},
{
    "pk": 112, 
    "model": "carnatic.raagaalias", 
    "fields": {
        "name": "sindubhairavi", 
        "raaga": 136
    }
},
{
    "pk": 113, 
    "model": "carnatic.raagaalias", 
    "fields": {
        "name": "kamavardhini", 
        "raaga": 137
    }
},
{
    "pk": 114, 
    "model": "carnatic.raagaalias", 
    "fields": {
        "name": "lalita", 
        "raaga": 138
    }
},
{
    "pk": 115, 
    "model": "carnatic.raagaalias", 
    "fields": {
        "name": "behag3", 
        "raaga": 9
    }
},
{
    "pk": 116, 
    "model": "carnatic.raagaalias", 
    "fields": {
        "name": "pushpalathika", 
        "raaga": 140
    }
},
{
    "pk": 117, 
    "model": "carnatic.raagaalias", 
    "fields": {
        "name": "anadabhhairavi", 
        "raaga": 141
    }
},
{
    "pk": 118, 
    "model": "carnatic.raagaalias", 
    "fields": {
        "name": "ananda bairavi", 
        "raaga": 141
    }
},
{
    "pk": 119, 
    "model": "carnatic.raagaalias", 
    "fields": {
        "name": "anandabhairavi", 
        "raaga": 141
    }
},
{
    "pk": 120, 
    "model": "carnatic.raagaalias", 
    "fields": {
        "name": "anandhabhairavi", 
        "raaga": 141
    }
},
{
    "pk": 121, 
    "model": "carnatic.raagaalias", 
    "fields": {
        "name": "vasanta bhairavi", 
        "raaga": 141
    }
},
{
    "pk": 122, 
    "model": "carnatic.raagaalias", 
    "fields": {
        "name": "natabhairavi", 
        "raaga": 141
    }
},
{
    "pk": 123, 
    "model": "carnatic.raagaalias", 
    "fields": {
        "name": "vasantabhairavi", 
        "raaga": 141
    }
},
{
    "pk": 124, 
    "model": "carnatic.raagaalias", 
    "fields": {
        "name": "valachi", 
        "raaga": 145
    }
},
{
    "pk": 125, 
    "model": "carnatic.raagaalias", 
    "fields": {
        "name": "ravichandrika", 
        "raaga": 146
    }
},
{
    "pk": 126, 
    "model": "carnatic.raagaalias", 
    "fields": {
        "name": "chenjuruti", 
        "raaga": 48
    }
},
{
    "pk": 127, 
    "model": "carnatic.raagaalias", 
    "fields": {
        "name": "chenchurutti", 
        "raaga": 48
    }
},
{
    "pk": 129, 
    "model": "carnatic.raagaalias", 
    "fields": {
        "name": "poorna chandrika", 
        "raaga": 149
    }
},
{
    "pk": 130, 
    "model": "carnatic.raagaalias", 
    "fields": {
        "name": "poornachandrika", 
        "raaga": 149
    }
},
{
    "pk": 131, 
    "model": "carnatic.raagaalias", 
    "fields": {
        "name": "purnachandrika", 
        "raaga": 149
    }
},
{
    "pk": 132, 
    "model": "carnatic.raagaalias", 
    "fields": {
        "name": "natakapriya", 
        "raaga": 150
    }
},
{
    "pk": 133, 
    "model": "carnatic.raagaalias", 
    "fields": {
        "name": "rasikapriya", 
        "raaga": 150
    }
},
{
    "pk": 134, 
    "model": "carnatic.raagaalias", 
    "fields": {
        "name": "shree", 
        "raaga": 154
    }
},
{
    "pk": 135, 
    "model": "carnatic.raagaalias", 
    "fields": {
        "name": "sree", 
        "raaga": 154
    }
},
{
    "pk": 138, 
    "model": "carnatic.raagaalias", 
    "fields": {
        "name": "madyamavati", 
        "raaga": 157
    }
},
{
    "pk": 139, 
    "model": "carnatic.raagaalias", 
    "fields": {
        "name": "bhairavi varnam", 
        "raaga": 10
    }
},
{
    "pk": 140, 
    "model": "carnatic.raagaalias", 
    "fields": {
        "name": "navarasakannada", 
        "raaga": 160
    }
},
{
    "pk": 141, 
    "model": "carnatic.raagaalias", 
    "fields": {
        "name": "jayanthasri", 
        "raaga": 162
    }
},
{
    "pk": 142, 
    "model": "carnatic.raagaalias", 
    "fields": {
        "name": "jayathasri", 
        "raaga": 162
    }
},
{
    "pk": 143, 
    "model": "carnatic.raagaalias", 
    "fields": {
        "name": "kaanada", 
        "raaga": 30
    }
},
{
    "pk": 144, 
    "model": "carnatic.raagaalias", 
    "fields": {
        "name": "kannada", 
        "raaga": 30
    }
},
{
    "pk": 145, 
    "model": "carnatic.raagaalias", 
    "fields": {
        "name": "shanmugapriya", 
        "raaga": 49
    }
},
{
    "pk": 146, 
    "model": "carnatic.raagaalias", 
    "fields": {
        "name": "dhanashree", 
        "raaga": 16
    }
},
{
    "pk": 147, 
    "model": "carnatic.raagaalias", 
    "fields": {
        "name": "karnaranjani", 
        "raaga": 165
    }
},
{
    "pk": 148, 
    "model": "carnatic.raagaalias", 
    "fields": {
        "name": "swararanjani", 
        "raaga": 165
    }
},
{
    "pk": 149, 
    "model": "carnatic.raagaalias", 
    "fields": {
        "name": "neelambari", 
        "raaga": 166
    }
},
{
    "pk": 150, 
    "model": "carnatic.raagaalias", 
    "fields": {
        "name": "nelambari", 
        "raaga": 166
    }
},
{
    "pk": 151, 
    "model": "carnatic.raagaalias", 
    "fields": {
        "name": "naattaikurinji", 
        "raaga": 40
    }
},
{
    "pk": 152, 
    "model": "carnatic.raagaalias", 
    "fields": {
        "name": "nataikurunji", 
        "raaga": 40
    }
},
{
    "pk": 153, 
    "model": "carnatic.raagaalias", 
    "fields": {
        "name": "natakuranji", 
        "raaga": 40
    }
},
{
    "pk": 154, 
    "model": "carnatic.raagaalias", 
    "fields": {
        "name": "natakurunji", 
        "raaga": 40
    }
},
{
    "pk": 155, 
    "model": "carnatic.raagaalias", 
    "fields": {
        "name": "nattaikurinji", 
        "raaga": 40
    }
},
{
    "pk": 156, 
    "model": "carnatic.raagaalias", 
    "fields": {
        "name": "nattakurinji", 
        "raaga": 40
    }
},
{
    "pk": 157, 
    "model": "carnatic.raagaalias", 
    "fields": {
        "name": "nattakurinji2", 
        "raaga": 40
    }
},
{
    "pk": 158, 
    "model": "carnatic.raagaalias", 
    "fields": {
        "name": "nattakurunji", 
        "raaga": 40
    }
},
{
    "pk": 159, 
    "model": "carnatic.raagaalias", 
    "fields": {
        "name": "nayaka", 
        "raaga": 167
    }
},
{
    "pk": 160, 
    "model": "carnatic.raagaalias", 
    "fields": {
        "name": "kalyana vasantam", 
        "raaga": 168
    }
},
{
    "pk": 161, 
    "model": "carnatic.raagaalias", 
    "fields": {
        "name": "kalyanavasantam", 
        "raaga": 168
    }
},
{
    "pk": 162, 
    "model": "carnatic.raagaalias", 
    "fields": {
        "name": "kalyana vasantam2", 
        "raaga": 168
    }
},
{
    "pk": 163, 
    "model": "carnatic.raagaalias", 
    "fields": {
        "name": "vagadeeshwari", 
        "raaga": 171
    }
},
{
    "pk": 164, 
    "model": "carnatic.raagaalias", 
    "fields": {
        "name": "poorvi", 
        "raaga": 174
    }
},
{
    "pk": 165, 
    "model": "carnatic.raagaalias", 
    "fields": {
        "name": "maand", 
        "raaga": 175
    }
},
{
    "pk": 166, 
    "model": "carnatic.raagaalias", 
    "fields": {
        "name": "mand", 
        "raaga": 175
    }
},
{
    "pk": 167, 
    "model": "carnatic.raagaalias", 
    "fields": {
        "name": "kanadagowla", 
        "raaga": 176
    }
},
{
    "pk": 168, 
    "model": "carnatic.raagaalias", 
    "fields": {
        "name": "kannada gowla", 
        "raaga": 176
    }
},
{
    "pk": 169, 
    "model": "carnatic.raagaalias", 
    "fields": {
        "name": "kannadagowla", 
        "raaga": 176
    }
},
{
    "pk": 170, 
    "model": "carnatic.raagaalias", 
    "fields": {
        "name": "kannadagaula", 
        "raaga": 176
    }
},
{
    "pk": 171, 
    "model": "carnatic.raagaalias", 
    "fields": {
        "name": "devagandharam", 
        "raaga": 14
    }
},
{
    "pk": 172, 
    "model": "carnatic.raagaalias", 
    "fields": {
        "name": "dipali", 
        "raaga": 179
    }
},
{
    "pk": 173, 
    "model": "carnatic.raagaalias", 
    "fields": {
        "name": "gowli pantu", 
        "raaga": 182
    }
},
{
    "pk": 174, 
    "model": "carnatic.raagaalias", 
    "fields": {
        "name": "gowlipantu", 
        "raaga": 182
    }
},
{
    "pk": 175, 
    "model": "carnatic.raagaalias", 
    "fields": {
        "name": "hari kambhoji", 
        "raaga": 184
    }
},
{
    "pk": 176, 
    "model": "carnatic.raagaalias", 
    "fields": {
        "name": "harikambhoj", 
        "raaga": 184
    }
},
{
    "pk": 177, 
    "model": "carnatic.raagaalias", 
    "fields": {
        "name": "harikamboji", 
        "raaga": 184
    }
},
{
    "pk": 178, 
    "model": "carnatic.raagaalias", 
    "fields": {
        "name": "harikhamboji", 
        "raaga": 184
    }
},
{
    "pk": 179, 
    "model": "carnatic.raagaalias", 
    "fields": {
        "name": "jhonpuri", 
        "raaga": 25
    }
},
{
    "pk": 180, 
    "model": "carnatic.raagaalias", 
    "fields": {
        "name": "jonpuri", 
        "raaga": 25
    }
},
{
    "pk": 181, 
    "model": "carnatic.raagaalias", 
    "fields": {
        "name": "brindavanasaranga", 
        "raaga": 185
    }
},
{
    "pk": 184, 
    "model": "carnatic.raagaalias", 
    "fields": {
        "name": "revathi", 
        "raaga": 187
    }
},
{
    "pk": 185, 
    "model": "carnatic.raagaalias", 
    "fields": {
        "name": "hamsavinodini", 
        "raaga": 188
    }
},
{
    "pk": 186, 
    "model": "carnatic.raagaalias", 
    "fields": {
        "name": "ragavinodini", 
        "raaga": 188
    }
},
{
    "pk": 187, 
    "model": "carnatic.raagaalias", 
    "fields": {
        "name": "kamala manohari", 
        "raaga": 190
    }
},
{
    "pk": 192, 
    "model": "carnatic.raagaalias", 
    "fields": {
        "name": "chalanata", 
        "raaga": 192
    }
},
{
    "pk": 193, 
    "model": "carnatic.raagaalias", 
    "fields": {
        "name": "chala nattai", 
        "raaga": 192
    }
},
{
    "pk": 194, 
    "model": "carnatic.raagaalias", 
    "fields": {
        "name": "hindol", 
        "raaga": 23
    }
},
{
    "pk": 195, 
    "model": "carnatic.raagaalias", 
    "fields": {
        "name": "vaasanthi", 
        "raaga": 56
    }
},
{
    "pk": 196, 
    "model": "carnatic.raagaalias", 
    "fields": {
        "name": "gowla", 
        "raaga": 193
    }
},
{
    "pk": 197, 
    "model": "carnatic.raagaalias", 
    "fields": {
        "name": "asavari", 
        "raaga": 5
    }
},
{
    "pk": 198, 
    "model": "carnatic.raagaalias", 
    "fields": {
        "name": "asaveri1", 
        "raaga": 5
    }
},
{
    "pk": 199, 
    "model": "carnatic.raagaalias", 
    "fields": {
        "name": "saveri", 
        "raaga": 5
    }
},
{
    "pk": 200, 
    "model": "carnatic.raagaalias", 
    "fields": {
        "name": "kedara gowla", 
        "raaga": 32
    }
},
{
    "pk": 201, 
    "model": "carnatic.raagaalias", 
    "fields": {
        "name": "kedaragowla", 
        "raaga": 32
    }
},
{
    "pk": 202, 
    "model": "carnatic.raagaalias", 
    "fields": {
        "name": "subha panduvarali", 
        "raaga": 194
    }
},
{
    "pk": 203, 
    "model": "carnatic.raagaalias", 
    "fields": {
        "name": "subha pantuvarali", 
        "raaga": 194
    }
},
{
    "pk": 204, 
    "model": "carnatic.raagaalias", 
    "fields": {
        "name": "subpantuvarali", 
        "raaga": 194
    }
},
{
    "pk": 205, 
    "model": "carnatic.raagaalias", 
    "fields": {
        "name": "shubhapantuvarali", 
        "raaga": 194
    }
},
{
    "pk": 206, 
    "model": "carnatic.raagaalias", 
    "fields": {
        "name": "nagagandhari", 
        "raaga": 197
    }
},
{
    "pk": 207, 
    "model": "carnatic.raagaalias", 
    "fields": {
        "name": "bilahari2", 
        "raaga": 11
    }
},
{
    "pk": 208, 
    "model": "carnatic.raagaalias", 
    "fields": {
        "name": "malahari", 
        "raaga": 11
    }
},
{
    "pk": 209, 
    "model": "carnatic.raagaalias", 
    "fields": {
        "name": "vasantavarali", 
        "raaga": 198
    }
},
{
    "pk": 210, 
    "model": "carnatic.raagaalias", 
    "fields": {
        "name": "vasantha-varali", 
        "raaga": 198
    }
},
{
    "pk": 211, 
    "model": "carnatic.raagaalias", 
    "fields": {
        "name": "suratti", 
        "raaga": 54
    }
},
{
    "pk": 212, 
    "model": "carnatic.raagaalias", 
    "fields": {
        "name": "surutti", 
        "raaga": 54
    }
},
{
    "pk": 213, 
    "model": "carnatic.raagaalias", 
    "fields": {
        "name": "janaranjani3", 
        "raaga": 203
    }
},
{
    "pk": 214, 
    "model": "carnatic.raagaalias", 
    "fields": {
        "name": "ataana", 
        "raaga": 6
    }
},
{
    "pk": 215, 
    "model": "carnatic.raagaalias", 
    "fields": {
        "name": "athana", 
        "raaga": 6
    }
},
{
    "pk": 216, 
    "model": "carnatic.raagaalias", 
    "fields": {
        "name": "khamas", 
        "raaga": 28
    }
},
{
    "pk": 217, 
    "model": "carnatic.raagaalias", 
    "fields": {
        "name": "khams", 
        "raaga": 28
    }
},
{
    "pk": 218, 
    "model": "carnatic.raagaalias", 
    "fields": {
        "name": "gowda malhar", 
        "raaga": 206
    }
},
{
    "pk": 219, 
    "model": "carnatic.raagaalias", 
    "fields": {
        "name": "gauda mallar", 
        "raaga": 206
    }
},
{
    "pk": 220, 
    "model": "carnatic.raagaalias", 
    "fields": {
        "name": "hamir kalyani", 
        "raaga": 208
    }
},
{
    "pk": 221, 
    "model": "carnatic.raagaalias", 
    "fields": {
        "name": "hamirkalyani", 
        "raaga": 208
    }
},
{
    "pk": 222, 
    "model": "carnatic.raagaalias", 
    "fields": {
        "name": "shyam kalyan", 
        "raaga": 208
    }
},
{
    "pk": 223, 
    "model": "carnatic.raagaalias", 
    "fields": {
        "name": "malayamarutha", 
        "raaga": 209
    }
},
{
    "pk": 224, 
    "model": "carnatic.raagaalias", 
    "fields": {
        "name": "malayamarutham", 
        "raaga": 209
    }
},
{
    "pk": 225, 
    "model": "carnatic.raagaalias", 
    "fields": {
        "name": "kambhoji", 
        "raaga": 210
    }
},
{
    "pk": 226, 
    "model": "carnatic.raagaalias", 
    "fields": {
        "name": "khambhoji", 
        "raaga": 210
    }
},
{
    "pk": 229, 
    "model": "carnatic.raagaalias", 
    "fields": {
        "name": "jyotiswarupini", 
        "raaga": 214
    }
},
{
    "pk": 233, 
    "model": "carnatic.raagaalias", 
    "fields": {
        "name": "mohanakalyani", 
        "raaga": 220
    }
},
{
    "pk": 234, 
    "model": "carnatic.raagaalias", 
    "fields": {
        "name": "darbaari kanada", 
        "raaga": 221
    }
},
{
    "pk": 235, 
    "model": "carnatic.raagaalias", 
    "fields": {
        "name": "chandrajyoti", 
        "raaga": 222
    }
},
{
    "pk": 236, 
    "model": "carnatic.raagaalias", 
    "fields": {
        "name": "shivaranjani", 
        "raaga": 223
    }
},
{
    "pk": 237, 
    "model": "carnatic.raagaalias", 
    "fields": {
        "name": "sivaranjani", 
        "raaga": 223
    }
},
{
    "pk": 238, 
    "model": "carnatic.raagaalias", 
    "fields": {
        "name": "sriranjani", 
        "raaga": 223
    }
},
{
    "pk": 239, 
    "model": "carnatic.raagaalias", 
    "fields": {
        "name": "vasantha", 
        "raaga": 58
    }
},
{
    "pk": 240, 
    "model": "carnatic.raagaalias", 
    "fields": {
        "name": "vasanthi", 
        "raaga": 58
    }
},
{
    "pk": 241, 
    "model": "carnatic.raagaalias", 
    "fields": {
        "name": "vasanti", 
        "raaga": 58
    }
},
{
    "pk": 242, 
    "model": "carnatic.raagaalias", 
    "fields": {
        "name": "aarabhi", 
        "raaga": 4
    }
},
{
    "pk": 243, 
    "model": "carnatic.raagaalias", 
    "fields": {
        "name": "kedharam", 
        "raaga": 224
    }
},
{
    "pk": 244, 
    "model": "carnatic.raagaalias", 
    "fields": {
        "name": "lathangi", 
        "raaga": 225
    }
},
{
    "pk": 245, 
    "model": "carnatic.raagaalias", 
    "fields": {
        "name": "lavangi", 
        "raaga": 225
    }
},
{
    "pk": 246, 
    "model": "carnatic.raagaalias", 
    "fields": {
        "name": "(lalitha panchamam", 
        "raaga": 227
    }
},
{
    "pk": 247, 
    "model": "carnatic.raagaalias", 
    "fields": {
        "name": "lalithapanchamam", 
        "raaga": 227
    }
},
{
    "pk": 248, 
    "model": "carnatic.raagaalias", 
    "fields": {
        "name": "lalita panchamam", 
        "raaga": 227
    }
},
{
    "pk": 249, 
    "model": "carnatic.raagaalias", 
    "fields": {
        "name": "kokiladhvani", 
        "raaga": 229
    }
},
{
    "pk": 250, 
    "model": "carnatic.raagaalias", 
    "fields": {
        "name": "kokiladwani.", 
        "raaga": 229
    }
},
{
    "pk": 253, 
    "model": "carnatic.raagaalias", 
    "fields": {
        "name": "rathipathipriya", 
        "raaga": 236
    }
},
{
    "pk": 254, 
    "model": "carnatic.raagaalias", 
    "fields": {
        "name": "nalinakanthi", 
        "raaga": 238
    }
},
{
    "pk": 255, 
    "model": "carnatic.raagaalias", 
    "fields": {
        "name": "dheerasankarabharanam", 
        "raaga": 242
    }
},
{
    "pk": 256, 
    "model": "carnatic.raagaalias", 
    "fields": {
        "name": "sankarabaranam", 
        "raaga": 242
    }
},
{
    "pk": 257, 
    "model": "carnatic.raagaalias", 
    "fields": {
        "name": "shankarabharanam", 
        "raaga": 242
    }
},
{
    "pk": 258, 
    "model": "carnatic.raagaalias", 
    "fields": {
        "name": "saurashtra", 
        "raaga": 47
    }
},
{
    "pk": 259, 
    "model": "carnatic.raagaalias", 
    "fields": {
        "name": "saurastram", 
        "raaga": 47
    }
},
{
    "pk": 260, 
    "model": "carnatic.raagaalias", 
    "fields": {
        "name": "sourashtram", 
        "raaga": 47
    }
},
{
    "pk": 261, 
    "model": "carnatic.raagaalias", 
    "fields": {
        "name": "sowrashtram", 
        "raaga": 47
    }
},
{
    "pk": 262, 
    "model": "carnatic.raagaalias", 
    "fields": {
        "name": "sowrasthram", 
        "raaga": 47
    }
},
{
    "pk": 263, 
    "model": "carnatic.raagaalias", 
    "fields": {
        "name": "sowrastram", 
        "raaga": 47
    }
},
{
    "pk": 264, 
    "model": "carnatic.raagaalias", 
    "fields": {
        "name": "salagabhairavi", 
        "raaga": 244
    }
},
{
    "pk": 265, 
    "model": "carnatic.raagaalias", 
    "fields": {
        "name": "chalaga bhairavi", 
        "raaga": 244
    }
},
{
    "pk": 266, 
    "model": "carnatic.raagaalias", 
    "fields": {
        "name": "bhupalam1", 
        "raaga": 245
    }
},
{
    "pk": 267, 
    "model": "carnatic.raagaalias", 
    "fields": {
        "name": "saama", 
        "raaga": 247
    }
},
{
    "pk": 268, 
    "model": "carnatic.raagaalias", 
    "fields": {
        "name": "gourimanohari", 
        "raaga": 248
    }
},
{
    "pk": 269, 
    "model": "carnatic.raagaalias", 
    "fields": {
        "name": "gowrimanohari", 
        "raaga": 248
    }
},
{
    "pk": 270, 
    "model": "carnatic.raagaalias", 
    "fields": {
        "name": "ritigaula", 
        "raaga": 70
    }
},
{
    "pk": 271, 
    "model": "carnatic.raagaalias", 
    "fields": {
        "name": "brindhavani", 
        "raaga": 65
    }
},
{
    "pk": 272, 
    "model": "carnatic.raagaalias", 
    "fields": {
        "name": "chaturdasha ragamalika", 
        "raaga": 62
    }
},
{
    "pk": 273, 
    "model": "carnatic.raagaalias", 
    "fields": {
        "name": "ragamalika - darbari kanada", 
        "raaga": 221
    }
},
{
    "pk": 274, 
    "model": "carnatic.raagaalias", 
    "fields": {
        "name": "dhanasri", 
        "raaga": 16
    }
},
{
    "pk": 275, 
    "model": "carnatic.raagaalias", 
    "fields": {
        "name": "purvi kalyani", 
        "raaga": 254
    }
},
{
    "pk": 276, 
    "model": "carnatic.raagaalias", 
    "fields": {
        "name": "poorikalyani", 
        "raaga": 254
    }
},
{
    "pk": 277, 
    "model": "carnatic.raagaalias", 
    "fields": {
        "name": "poorvi kalyani", 
        "raaga": 254
    }
},
{
    "pk": 278, 
    "model": "carnatic.raagaalias", 
    "fields": {
        "name": "poorvikalyani", 
        "raaga": 254
    }
},
{
    "pk": 279, 
    "model": "carnatic.raagaalias", 
    "fields": {
        "name": "purvikalyani", 
        "raaga": 254
    }
},
{
    "pk": 280, 
    "model": "carnatic.raagaalias", 
    "fields": {
        "name": "hamsanandi2", 
        "raaga": 21
    }
},
{
    "pk": 281, 
    "model": "carnatic.raagaalias", 
    "fields": {
        "name": "huseyni", 
        "raaga": 60
    }
},
{
    "pk": 282, 
    "model": "carnatic.raagaalias", 
    "fields": {
        "name": "pantuvarali", 
        "raaga": 137
    }
},
{
    "pk": 283, 
    "model": "carnatic.raagaalias", 
    "fields": {
        "name": "panthuvarali", 
        "raaga": 137
    }
},
{
    "pk": 284, 
    "model": "carnatic.raagaalias", 
    "fields": {
        "name": "patuvarali", 
        "raaga": 137
    }
},
{
    "pk": 285, 
    "model": "carnatic.raagaalias", 
    "fields": {
        "name": "kaapi", 
        "raaga": 159
    }
},
{
    "pk": 286, 
    "model": "carnatic.raagaalias", 
    "fields": {
        "name": "kaapi2", 
        "raaga": 159
    }
},
{
    "pk": 287, 
    "model": "carnatic.raagaalias", 
    "fields": {
        "name": "karnataka kapi - ragamalika", 
        "raaga": 156
    }
},
{
    "pk": 288, 
    "model": "carnatic.raagaalias", 
    "fields": {
        "name": "lalitha panchamam", 
        "raaga": 227
    }
},
{
    "pk": 289, 
    "model": "carnatic.raagaalias", 
    "fields": {
        "name": "madhyamavathi", 
        "raaga": 262
    }
},
{
    "pk": 290, 
    "model": "carnatic.raagaalias", 
    "fields": {
        "name": "madhyamavati", 
        "raaga": 262
    }
},
{
    "pk": 291, 
    "model": "carnatic.raagaalias", 
    "fields": {
        "name": "nagaswaravali", 
        "raaga": 265
    }
},
{
    "pk": 292, 
    "model": "carnatic.raagaalias", 
    "fields": {
        "name": "nagasvarali", 
        "raaga": 265
    }
},
{
    "pk": 293, 
    "model": "carnatic.raagaalias", 
    "fields": {
        "name": "naswarali", 
        "raaga": 265
    }
},
{
    "pk": 294, 
    "model": "carnatic.raagaalias", 
    "fields": {
        "name": "nagaswarali", 
        "raaga": 265
    }
},
{
    "pk": 295, 
    "model": "carnatic.raagaalias", 
    "fields": {
        "name": "natta", 
        "raaga": 266
    }
},
{
    "pk": 296, 
    "model": "carnatic.raagaalias", 
    "fields": {
        "name": "naata", 
        "raaga": 266
    }
},
{
    "pk": 297, 
    "model": "carnatic.raagaalias", 
    "fields": {
        "name": "nattai", 
        "raaga": 266
    }
},
{
    "pk": 298, 
    "model": "carnatic.raagaalias", 
    "fields": {
        "name": "nataguru", 
        "raaga": 266
    }
},
{
    "pk": 299, 
    "model": "carnatic.raagaalias", 
    "fields": {
        "name": "ritigowla", 
        "raaga": 70
    }
},
{
    "pk": 300, 
    "model": "carnatic.raagaalias", 
    "fields": {
        "name": "ritiguala", 
        "raaga": 70
    }
},
{
    "pk": 301, 
    "model": "carnatic.raagaalias", 
    "fields": {
        "name": "shyama", 
        "raaga": 247
    }
},
{
    "pk": 302, 
    "model": "carnatic.raagaalias", 
    "fields": {
        "name": "saramati", 
        "raaga": 272
    }
},
{
    "pk": 303, 
    "model": "carnatic.raagaalias", 
    "fields": {
        "name": "sivaranjani", 
        "raaga": 275
    }
},
{
    "pk": 304, 
    "model": "carnatic.raagaalias", 
    "fields": {
        "name": "sri", 
        "raaga": 154
    }
},
{
    "pk": 305, 
    "model": "carnatic.raagaalias", 
    "fields": {
        "name": "ragashree", 
        "raaga": 154
    }
},
{
    "pk": 306, 
    "model": "carnatic.raagaalias", 
    "fields": {
        "name": "sriranjani", 
        "raaga": 98
    }
},
{
    "pk": 307, 
    "model": "carnatic.raagaalias", 
    "fields": {
        "name": "shruti", 
        "raaga": 54
    }
},
{
    "pk": 308, 
    "model": "carnatic.raagaalias", 
    "fields": {
        "name": "suruti", 
        "raaga": 54
    }
},
{
    "pk": 309, 
    "model": "carnatic.raagaalias", 
    "fields": {
        "name": "vasantabhairavi", 
        "raaga": 280
    }
},
{
    "pk": 310, 
    "model": "carnatic.raagaalias", 
    "fields": {
        "name": "yaman", 
        "raaga": 83
    }
},
{
    "pk": 1, 
    "model": "carnatic.geographicregion", 
    "fields": {
        "name": "Andhra Pradesh"
    }
},
{
    "pk": 2, 
    "model": "carnatic.geographicregion", 
    "fields": {
        "name": "Karnataka"
    }
},
{
    "pk": 3, 
    "model": "carnatic.geographicregion", 
    "fields": {
        "name": "Kerala"
    }
},
{
    "pk": 4, 
    "model": "carnatic.geographicregion", 
    "fields": {
        "name": "Maharashtra"
    }
},
{
    "pk": 5, 
    "model": "carnatic.geographicregion", 
    "fields": {
        "name": "Tamil Nadu"
    }
},
{
    "pk": 1, 
    "model": "carnatic.form", 
    "fields": {
        "name": "Alapana"
    }
},
{
    "pk": 2, 
    "model": "carnatic.form", 
    "fields": {
        "name": "Tanam"
    }
},
{
    "pk": 3, 
    "model": "carnatic.form", 
    "fields": {
        "name": "Pallavi"
    }
},
{
    "pk": 4, 
    "model": "carnatic.form", 
    "fields": {
        "name": "Kriti"
    }
},
{
    "pk": 5, 
    "model": "carnatic.form", 
    "fields": {
        "name": "Keertana (Devara nama)"
    }
},
{
    "pk": 6, 
    "model": "carnatic.form", 
    "fields": {
        "name": "Varnam - Tana Varnam"
    }
},
{
    "pk": 7, 
    "model": "carnatic.form", 
    "fields": {
        "name": "Varnam - Pada Varnam"
    }
},
{
    "pk": 8, 
    "model": "carnatic.form", 
    "fields": {
        "name": "Thillana"
    }
},
{
    "pk": 9, 
    "model": "carnatic.form", 
    "fields": {
        "name": "Padam"
    }
},
{
    "pk": 10, 
    "model": "carnatic.form", 
    "fields": {
        "name": "Javali"
    }
},
{
    "pk": 11, 
    "model": "carnatic.form", 
    "fields": {
        "name": "Geetham"
    }
},
{
    "pk": 12, 
    "model": "carnatic.form", 
    "fields": {
        "name": "Swarajati"
    }
},
{
    "pk": 13, 
    "model": "carnatic.form", 
    "fields": {
        "name": "Jatiswaram"
    }
},
{
    "pk": 14, 
    "model": "carnatic.form", 
    "fields": {
        "name": "Tani avartanam"
    }
},
{
    "pk": 15, 
    "model": "carnatic.form", 
    "fields": {
        "name": "Mangalam"
    }
},
{
    "pk": 16, 
    "model": "carnatic.form", 
    "fields": {
        "name": "Bhajan"
    }
},
{
    "pk": 17, 
    "model": "carnatic.form", 
    "fields": {
        "name": "Thiruppugazh"
    }
},
{
    "pk": 1, 
    "model": "carnatic.language", 
    "fields": {
        "name": "Bengali"
    }
},
{
    "pk": 2, 
    "model": "carnatic.language", 
    "fields": {
        "name": "Bodo"
    }
},
{
    "pk": 3, 
    "model": "carnatic.language", 
    "fields": {
        "name": "Dogri"
    }
},
{
    "pk": 4, 
    "model": "carnatic.language", 
    "fields": {
        "name": "Gujarati"
    }
},
{
    "pk": 5, 
    "model": "carnatic.language", 
    "fields": {
        "name": "Hindi"
    }
},
{
    "pk": 6, 
    "model": "carnatic.language", 
    "fields": {
        "name": "Kannada"
    }
},
{
    "pk": 7, 
    "model": "carnatic.language", 
    "fields": {
        "name": "Kashmiri"
    }
},
{
    "pk": 8, 
    "model": "carnatic.language", 
    "fields": {
        "name": "Konkani"
    }
},
{
    "pk": 9, 
    "model": "carnatic.language", 
    "fields": {
        "name": "Maithili"
    }
},
{
    "pk": 10, 
    "model": "carnatic.language", 
    "fields": {
        "name": "Malayalam"
    }
},
{
    "pk": 11, 
    "model": "carnatic.language", 
    "fields": {
        "name": "Manipuri"
    }
},
{
    "pk": 12, 
    "model": "carnatic.language", 
    "fields": {
        "name": "Marathi"
    }
},
{
    "pk": 13, 
    "model": "carnatic.language", 
    "fields": {
        "name": "Nepali"
    }
},
{
    "pk": 14, 
    "model": "carnatic.language", 
    "fields": {
        "name": "Oriya"
    }
},
{
    "pk": 15, 
    "model": "carnatic.language", 
    "fields": {
        "name": "Punjabi"
    }
},
{
    "pk": 16, 
    "model": "carnatic.language", 
    "fields": {
        "name": "Sanskrit"
    }
},
{
    "pk": 17, 
    "model": "carnatic.language", 
    "fields": {
        "name": "Santhali"
    }
},
{
    "pk": 18, 
    "model": "carnatic.language", 
    "fields": {
        "name": "Sindhi"
    }
},
{
    "pk": 19, 
    "model": "carnatic.language", 
    "fields": {
        "name": "Tamil"
    }
},
{
    "pk": 20, 
    "model": "carnatic.language", 
    "fields": {
        "name": "Telugu"
    }
},
{
    "pk": 21, 
    "model": "carnatic.language", 
    "fields": {
        "name": "Urdu"
    }
},
{
    "pk": 1, 
    "model": "carnatic.musicalschool", 
    "fields": {
        "name": "Brinda school (Vocal)"
    }
},
{
    "pk": 2, 
    "model": "carnatic.musicalschool", 
    "fields": {
        "name": "Palghat Mani Iyer school (Percussion)"
    }
},
{
    "pk": 3, 
    "model": "carnatic.musicalschool", 
    "fields": {
        "name": "T A S Mani school (Percussion)"
    }
},
{
    "pk": 3520, 
    "model": "data.image", 
    "fields": {
        "source": null, 
        "image": "images/Violin.jpg", 
        "small_image": ""
    }
},
{
    "pk": 611, 
    "model": "data.image", 
    "fields": {
        "source": null, 
        "image": "images/Mridangam_4.jpg", 
        "small_image": ""
    }
},
{
    "pk": 612, 
    "model": "data.image", 
    "fields": {
        "source": null, 
        "image": "images/Tambura_3.jpg", 
        "small_image": ""
    }
},
{
    "pk": 613, 
    "model": "data.image", 
    "fields": {
        "source": null, 
        "image": "images/Veena_3.jpg", 
        "small_image": ""
    }
},
{
    "pk": 614, 
    "model": "data.image", 
    "fields": {
        "source": null, 
        "image": "images/Flute_1.jpg", 
        "small_image": ""
    }
},
{
    "pk": 615, 
    "model": "data.image", 
    "fields": {
        "source": null, 
        "image": "images/Mandolin_1.jpg", 
        "small_image": ""
    }
},
{
    "pk": 616, 
    "model": "data.image", 
    "fields": {
        "source": null, 
        "image": "images/Saxophone_1.jpg", 
        "small_image": ""
    }
},
{
    "pk": 617, 
    "model": "data.image", 
    "fields": {
        "source": null, 
        "image": "images/Ghatam_1.jpg", 
        "small_image": ""
    }
},
{
    "pk": 618, 
    "model": "data.image", 
    "fields": {
        "source": null, 
        "image": "images/Khanjira_1.jpg", 
        "small_image": ""
    }
},
{
    "pk": 607, 
    "model": "data.image", 
    "fields": {
        "source": null, 
        "image": "images/Morsing.jpg", 
        "small_image": ""
    }
},
{
    "pk": 608, 
    "model": "data.image", 
    "fields": {
        "source": null, 
        "image": "images/Gettuvadyam.jpg", 
        "small_image": ""
    }
},
{
    "pk": 609, 
    "model": "data.image", 
    "fields": {
        "source": null, 
        "image": "images/Jalatarang_1.jpg", 
        "small_image": ""
    }
},
{
    "pk": 610, 
    "model": "data.image", 
    "fields": {
        "source": null, 
        "image": "images/Chitraveena.jpg", 
        "small_image": ""
    }
},
{
    "pk": 697, 
    "model": "data.image", 
    "fields": {
        "source": null, 
        "image": "images/Talam_1.jpg", 
        "small_image": ""
    }
},
{
    "pk": 595, 
    "model": "data.image", 
    "fields": {
        "source": null, 
        "image": "images/Veena.jpg", 
        "small_image": ""
    }
},
{
    "pk": 647, 
    "model": "data.image", 
    "fields": {
        "source": null, 
        "image": "images/Thavil.jpg", 
        "small_image": ""
    }
},
{
    "pk": 3514, 
    "model": "data.image", 
    "fields": {
        "source": null, 
        "image": "images/kavadi_chindu.png", 
        "small_image": ""
    }
},
{
    "pk": 655, 
    "model": "data.image", 
    "fields": {
        "source": null, 
        "image": "images/adi.png", 
        "small_image": ""
    }
},
{
    "pk": 3456, 
    "model": "data.image", 
    "fields": {
        "source": null, 
        "image": "images/padi.png", 
        "small_image": ""
    }
},
{
    "pk": 3548, 
    "model": "data.image", 
    "fields": {
        "source": null, 
        "image": "images/adi_1.png", 
        "small_image": ""
    }
},
{
    "pk": 3559, 
    "model": "data.image", 
    "fields": {
        "source": null, 
        "image": "images/adi_tishra_nade.png", 
        "small_image": ""
    }
},
{
    "pk": 656, 
    "model": "data.image", 
    "fields": {
        "source": null, 
        "image": "images/rupaka.png", 
        "small_image": ""
    }
},
{
    "pk": 3441, 
    "model": "data.image", 
    "fields": {
        "source": null, 
        "image": "images/rupakam.png", 
        "small_image": ""
    }
},
{
    "pk": 3549, 
    "model": "data.image", 
    "fields": {
        "source": null, 
        "image": "images/rupaka_1.png", 
        "small_image": ""
    }
},
{
    "pk": 3552, 
    "model": "data.image", 
    "fields": {
        "source": null, 
        "image": "images/eka.png", 
        "small_image": ""
    }
},
{
    "pk": 3553, 
    "model": "data.image", 
    "fields": {
        "source": null, 
        "image": "images/tishra_eka.png", 
        "small_image": ""
    }
},
{
    "pk": 3562, 
    "model": "data.image", 
    "fields": {
        "source": null, 
        "image": "images/khanda-jaati_eka.png", 
        "small_image": ""
    }
},
{
    "pk": 3554, 
    "model": "data.image", 
    "fields": {
        "source": null, 
        "image": "images/dhruva.png", 
        "small_image": ""
    }
},
{
    "pk": 3555, 
    "model": "data.image", 
    "fields": {
        "source": null, 
        "image": "images/matya.png", 
        "small_image": ""
    }
},
{
    "pk": 3558, 
    "model": "data.image", 
    "fields": {
        "source": null, 
        "image": "images/atta.png", 
        "small_image": ""
    }
},
{
    "pk": 3384, 
    "model": "data.image", 
    "fields": {
        "source": null, 
        "image": "images/abheri.png", 
        "small_image": ""
    }
},
{
    "pk": 3385, 
    "model": "data.image", 
    "fields": {
        "source": null, 
        "image": "images/abhogi.png", 
        "small_image": ""
    }
},
{
    "pk": 3466, 
    "model": "data.image", 
    "fields": {
        "source": null, 
        "image": "images/natanarayani.png", 
        "small_image": ""
    }
},
{
    "pk": 3386, 
    "model": "data.image", 
    "fields": {
        "source": null, 
        "image": "images/bahudari.png", 
        "small_image": ""
    }
},
{
    "pk": 3387, 
    "model": "data.image", 
    "fields": {
        "source": null, 
        "image": "images/begada.png", 
        "small_image": ""
    }
},
{
    "pk": 3388, 
    "model": "data.image", 
    "fields": {
        "source": null, 
        "image": "images/behag.png", 
        "small_image": ""
    }
},
{
    "pk": 3468, 
    "model": "data.image", 
    "fields": {
        "source": null, 
        "image": "images/karnataka_behag.png", 
        "small_image": ""
    }
},
{
    "pk": 3518, 
    "model": "data.image", 
    "fields": {
        "source": null, 
        "image": "images/salaga_bhairavi.png", 
        "small_image": ""
    }
},
{
    "pk": 3389, 
    "model": "data.image", 
    "fields": {
        "source": null, 
        "image": "images/bhairavi.png", 
        "small_image": ""
    }
},
{
    "pk": 3419, 
    "model": "data.image", 
    "fields": {
        "source": null, 
        "image": "images/sindhu_bhairavi.png", 
        "small_image": ""
    }
},
{
    "pk": 3489, 
    "model": "data.image", 
    "fields": {
        "source": null, 
        "image": "images/ahir_bhairavi.png", 
        "small_image": ""
    }
},
{
    "pk": 3390, 
    "model": "data.image", 
    "fields": {
        "source": null, 
        "image": "images/bilahari.png", 
        "small_image": ""
    }
},
{
    "pk": 3391, 
    "model": "data.image", 
    "fields": {
        "source": null, 
        "image": "images/darbar.png", 
        "small_image": ""
    }
},
{
    "pk": 3392, 
    "model": "data.image", 
    "fields": {
        "source": null, 
        "image": "images/devagandhari.png", 
        "small_image": ""
    }
},
{
    "pk": 3446, 
    "model": "data.image", 
    "fields": {
        "source": null, 
        "image": "images/karnataka_devagandhari.png", 
        "small_image": ""
    }
},
{
    "pk": 3393, 
    "model": "data.image", 
    "fields": {
        "source": null, 
        "image": "images/devamanohari.png", 
        "small_image": ""
    }
},
{
    "pk": 3394, 
    "model": "data.image", 
    "fields": {
        "source": null, 
        "image": "images/dhanyasi.png", 
        "small_image": ""
    }
},
{
    "pk": 3396, 
    "model": "data.image", 
    "fields": {
        "source": null, 
        "image": "images/hamsanandi.png", 
        "small_image": ""
    }
},
{
    "pk": 3398, 
    "model": "data.image", 
    "fields": {
        "source": null, 
        "image": "images/hindolam.png", 
        "small_image": ""
    }
},
{
    "pk": 3399, 
    "model": "data.image", 
    "fields": {
        "source": null, 
        "image": "images/jaganmohini.png", 
        "small_image": ""
    }
},
{
    "pk": 3400, 
    "model": "data.image", 
    "fields": {
        "source": null, 
        "image": "images/jaunpuri.png", 
        "small_image": ""
    }
},
{
    "pk": 3402, 
    "model": "data.image", 
    "fields": {
        "source": null, 
        "image": "images/kalyani.png", 
        "small_image": ""
    }
},
{
    "pk": 3433, 
    "model": "data.image", 
    "fields": {
        "source": null, 
        "image": "images/yamuna_kalyani.png", 
        "small_image": ""
    }
},
{
    "pk": 3485, 
    "model": "data.image", 
    "fields": {
        "source": null, 
        "image": "images/purvi_kalyani.png", 
        "small_image": ""
    }
},
{
    "pk": 3495, 
    "model": "data.image", 
    "fields": {
        "source": null, 
        "image": "images/hameer_kalyani.png", 
        "small_image": ""
    }
},
{
    "pk": 3501, 
    "model": "data.image", 
    "fields": {
        "source": null, 
        "image": "images/mohana_kalyani.png", 
        "small_image": ""
    }
},
{
    "pk": 3403, 
    "model": "data.image", 
    "fields": {
        "source": null, 
        "image": "images/kamas.png", 
        "small_image": ""
    }
},
{
    "pk": 3405, 
    "model": "data.image", 
    "fields": {
        "source": null, 
        "image": "images/kanada.png", 
        "small_image": ""
    }
},
{
    "pk": 3406, 
    "model": "data.image", 
    "fields": {
        "source": null, 
        "image": "images/karaharapriya.png", 
        "small_image": ""
    }
},
{
    "pk": 3407, 
    "model": "data.image", 
    "fields": {
        "source": null, 
        "image": "images/kuntalavarali.png", 
        "small_image": ""
    }
},
{
    "pk": 3409, 
    "model": "data.image", 
    "fields": {
        "source": null, 
        "image": "images/manirangu.png", 
        "small_image": ""
    }
},
{
    "pk": 3410, 
    "model": "data.image", 
    "fields": {
        "source": null, 
        "image": "images/manji.png", 
        "small_image": ""
    }
},
{
    "pk": 3411, 
    "model": "data.image", 
    "fields": {
        "source": null, 
        "image": "images/mohanam.png", 
        "small_image": ""
    }
},
{
    "pk": 3412, 
    "model": "data.image", 
    "fields": {
        "source": null, 
        "image": "images/mukhari.png", 
        "small_image": ""
    }
},
{
    "pk": 3503, 
    "model": "data.image", 
    "fields": {
        "source": null, 
        "image": "images/chittaranjani.png", 
        "small_image": ""
    }
},
{
    "pk": 3414, 
    "model": "data.image", 
    "fields": {
        "source": null, 
        "image": "images/ranjani.png", 
        "small_image": ""
    }
},
{
    "pk": 3474, 
    "model": "data.image", 
    "fields": {
        "source": null, 
        "image": "images/kamaranjani.png", 
        "small_image": ""
    }
},
{
    "pk": 3492, 
    "model": "data.image", 
    "fields": {
        "source": null, 
        "image": "images/janaranjani.png", 
        "small_image": ""
    }
},
{
    "pk": 3415, 
    "model": "data.image", 
    "fields": {
        "source": null, 
        "image": "images/sahana.png", 
        "small_image": ""
    }
},
{
    "pk": 3416, 
    "model": "data.image", 
    "fields": {
        "source": null, 
        "image": "images/saurashtram.png", 
        "small_image": ""
    }
},
{
    "pk": 3420, 
    "model": "data.image", 
    "fields": {
        "source": null, 
        "image": "images/thodi.png", 
        "small_image": ""
    }
},
{
    "pk": 3421, 
    "model": "data.image", 
    "fields": {
        "source": null, 
        "image": "images/vachaspati.png", 
        "small_image": ""
    }
},
{
    "pk": 3413, 
    "model": "data.image", 
    "fields": {
        "source": null, 
        "image": "images/nagasvarali.png", 
        "small_image": ""
    }
},
{
    "pk": 3422, 
    "model": "data.image", 
    "fields": {
        "source": null, 
        "image": "images/varali.png", 
        "small_image": ""
    }
},
{
    "pk": 3427, 
    "model": "data.image", 
    "fields": {
        "source": null, 
        "image": "images/punnaga_varali.png", 
        "small_image": ""
    }
},
{
    "pk": 3423, 
    "model": "data.image", 
    "fields": {
        "source": null, 
        "image": "images/vasanta.png", 
        "small_image": ""
    }
},
{
    "pk": 3476, 
    "model": "data.image", 
    "fields": {
        "source": null, 
        "image": "images/hindola_vasantam.png", 
        "small_image": ""
    }
},
{
    "pk": 3424, 
    "model": "data.image", 
    "fields": {
        "source": null, 
        "image": "images/huseni.png", 
        "small_image": ""
    }
},
{
    "pk": 3425, 
    "model": "data.image", 
    "fields": {
        "source": null, 
        "image": "images/kokilapriya.png", 
        "small_image": ""
    }
},
{
    "pk": 3426, 
    "model": "data.image", 
    "fields": {
        "source": null, 
        "image": "images/kiranavali.png", 
        "small_image": ""
    }
},
{
    "pk": 3428, 
    "model": "data.image", 
    "fields": {
        "source": null, 
        "image": "images/bhavani.png", 
        "small_image": ""
    }
},
{
    "pk": 3429, 
    "model": "data.image", 
    "fields": {
        "source": null, 
        "image": "images/bhimpalasi.png", 
        "small_image": ""
    }
},
{
    "pk": 3430, 
    "model": "data.image", 
    "fields": {
        "source": null, 
        "image": "images/paras.png", 
        "small_image": ""
    }
},
{
    "pk": 3431, 
    "model": "data.image", 
    "fields": {
        "source": null, 
        "image": "images/nadanamakriya.png", 
        "small_image": ""
    }
},
{
    "pk": 3434, 
    "model": "data.image", 
    "fields": {
        "source": null, 
        "image": "images/ramapriya.png", 
        "small_image": ""
    }
},
{
    "pk": 3435, 
    "model": "data.image", 
    "fields": {
        "source": null, 
        "image": "images/gurjari.png", 
        "small_image": ""
    }
},
{
    "pk": 3437, 
    "model": "data.image", 
    "fields": {
        "source": null, 
        "image": "images/navroj.png", 
        "small_image": ""
    }
},
{
    "pk": 3445, 
    "model": "data.image", 
    "fields": {
        "source": null, 
        "image": "images/desh.png", 
        "small_image": ""
    }
},
{
    "pk": 3447, 
    "model": "data.image", 
    "fields": {
        "source": null, 
        "image": "images/simhavahini.png", 
        "small_image": ""
    }
},
{
    "pk": 3448, 
    "model": "data.image", 
    "fields": {
        "source": null, 
        "image": "images/kalavathi.png", 
        "small_image": ""
    }
},
{
    "pk": 3507, 
    "model": "data.image", 
    "fields": {
        "source": null, 
        "image": "images/chaturdasha_ragamalika.png", 
        "small_image": ""
    }
},
{
    "pk": 3438, 
    "model": "data.image", 
    "fields": {
        "source": null, 
        "image": "images/chintamani.png", 
        "small_image": ""
    }
},
{
    "pk": 3449, 
    "model": "data.image", 
    "fields": {
        "source": null, 
        "image": "images/amritavarshini.png", 
        "small_image": ""
    }
},
{
    "pk": 3450, 
    "model": "data.image", 
    "fields": {
        "source": null, 
        "image": "images/kurinji.png", 
        "small_image": ""
    }
},
{
    "pk": 3451, 
    "model": "data.image", 
    "fields": {
        "source": null, 
        "image": "images/ghanta.png", 
        "small_image": ""
    }
},
{
    "pk": 3440, 
    "model": "data.image", 
    "fields": {
        "source": null, 
        "image": "images/velavali.png", 
        "small_image": ""
    }
},
{
    "pk": 3442, 
    "model": "data.image", 
    "fields": {
        "source": null, 
        "image": "images/rudrapriya.png", 
        "small_image": ""
    }
},
{
    "pk": 3443, 
    "model": "data.image", 
    "fields": {
        "source": null, 
        "image": "images/kalanidhi.png", 
        "small_image": ""
    }
},
{
    "pk": 3444, 
    "model": "data.image", 
    "fields": {
        "source": null, 
        "image": "images/madhuvanti.png", 
        "small_image": ""
    }
},
{
    "pk": 3453, 
    "model": "data.image", 
    "fields": {
        "source": null, 
        "image": "images/palamanjari.png", 
        "small_image": ""
    }
},
{
    "pk": 3454, 
    "model": "data.image", 
    "fields": {
        "source": null, 
        "image": "images/ganamurti.png", 
        "small_image": ""
    }
},
{
    "pk": 3457, 
    "model": "data.image", 
    "fields": {
        "source": null, 
        "image": "images/hemavati.png", 
        "small_image": ""
    }
},
{
    "pk": 3459, 
    "model": "data.image", 
    "fields": {
        "source": null, 
        "image": "images/kamavardani.png", 
        "small_image": ""
    }
},
{
    "pk": 3460, 
    "model": "data.image", 
    "fields": {
        "source": null, 
        "image": "images/lalitha.png", 
        "small_image": ""
    }
},
{
    "pk": 3461, 
    "model": "data.image", 
    "fields": {
        "source": null, 
        "image": "images/manavati.png", 
        "small_image": ""
    }
},
{
    "pk": 3462, 
    "model": "data.image", 
    "fields": {
        "source": null, 
        "image": "images/valaji.png", 
        "small_image": ""
    }
},
{
    "pk": 3464, 
    "model": "data.image", 
    "fields": {
        "source": null, 
        "image": "images/andolika.png", 
        "small_image": ""
    }
},
{
    "pk": 3465, 
    "model": "data.image", 
    "fields": {
        "source": null, 
        "image": "images/gamakakriya.png", 
        "small_image": ""
    }
},
{
    "pk": 3467, 
    "model": "data.image", 
    "fields": {
        "source": null, 
        "image": "images/deepakam.png", 
        "small_image": ""
    }
},
{
    "pk": 3471, 
    "model": "data.image", 
    "fields": {
        "source": null, 
        "image": "images/dharmavati.png", 
        "small_image": ""
    }
},
{
    "pk": 3458, 
    "model": "data.image", 
    "fields": {
        "source": null, 
        "image": "images/kapi_narayani.png", 
        "small_image": ""
    }
},
{
    "pk": 3470, 
    "model": "data.image", 
    "fields": {
        "source": null, 
        "image": "images/karnataka_kapi.png", 
        "small_image": ""
    }
},
{
    "pk": 3473, 
    "model": "data.image", 
    "fields": {
        "source": null, 
        "image": "images/ganavaridhi.png", 
        "small_image": ""
    }
},
{
    "pk": 3475, 
    "model": "data.image", 
    "fields": {
        "source": null, 
        "image": "images/sucharitra.png", 
        "small_image": ""
    }
},
{
    "pk": 3477, 
    "model": "data.image", 
    "fields": {
        "source": null, 
        "image": "images/devakriya.png", 
        "small_image": ""
    }
},
{
    "pk": 3478, 
    "model": "data.image", 
    "fields": {
        "source": null, 
        "image": "images/deepali.png", 
        "small_image": ""
    }
},
{
    "pk": 3479, 
    "model": "data.image", 
    "fields": {
        "source": null, 
        "image": "images/jayantasena.png", 
        "small_image": ""
    }
},
{
    "pk": 3480, 
    "model": "data.image", 
    "fields": {
        "source": null, 
        "image": "images/gaulipantu.png", 
        "small_image": ""
    }
},
{
    "pk": 3481, 
    "model": "data.image", 
    "fields": {
        "source": null, 
        "image": "images/chandrakauns.png", 
        "small_image": ""
    }
},
{
    "pk": 3483, 
    "model": "data.image", 
    "fields": {
        "source": null, 
        "image": "images/sunadavinodini.png", 
        "small_image": ""
    }
},
{
    "pk": 3484, 
    "model": "data.image", 
    "fields": {
        "source": null, 
        "image": "images/bhushavali.png", 
        "small_image": ""
    }
},
{
    "pk": 3486, 
    "model": "data.image", 
    "fields": {
        "source": null, 
        "image": "images/chayanata.png", 
        "small_image": ""
    }
},
{
    "pk": 3511, 
    "model": "data.image", 
    "fields": {
        "source": null, 
        "image": "images/ritigaula.png", 
        "small_image": ""
    }
},
{
    "pk": 3482, 
    "model": "data.image", 
    "fields": {
        "source": null, 
        "image": "images/brindavana_saranga.png", 
        "small_image": ""
    }
},
{
    "pk": 3491, 
    "model": "data.image", 
    "fields": {
        "source": null, 
        "image": "images/saranga.png", 
        "small_image": ""
    }
},
{
    "pk": 3493, 
    "model": "data.image", 
    "fields": {
        "source": null, 
        "image": "images/patdeep.png", 
        "small_image": ""
    }
},
{
    "pk": 3494, 
    "model": "data.image", 
    "fields": {
        "source": null, 
        "image": "images/jayamanohari.png", 
        "small_image": ""
    }
},
{
    "pk": 3496, 
    "model": "data.image", 
    "fields": {
        "source": null, 
        "image": "images/kalgada.png", 
        "small_image": ""
    }
},
{
    "pk": 3497, 
    "model": "data.image", 
    "fields": {
        "source": null, 
        "image": "images/balahamsa.png", 
        "small_image": ""
    }
},
{
    "pk": 3499, 
    "model": "data.image", 
    "fields": {
        "source": null, 
        "image": "images/dhenuka.png", 
        "small_image": ""
    }
},
{
    "pk": 3500, 
    "model": "data.image", 
    "fields": {
        "source": null, 
        "image": "images/durga.png", 
        "small_image": ""
    }
},
{
    "pk": 3502, 
    "model": "data.image", 
    "fields": {
        "source": null, 
        "image": "images/chandrajyothi.png", 
        "small_image": ""
    }
},
{
    "pk": 3504, 
    "model": "data.image", 
    "fields": {
        "source": null, 
        "image": "images/kedaram.png", 
        "small_image": ""
    }
},
{
    "pk": 3505, 
    "model": "data.image", 
    "fields": {
        "source": null, 
        "image": "images/latangi.png", 
        "small_image": ""
    }
},
{
    "pk": 3506, 
    "model": "data.image", 
    "fields": {
        "source": null, 
        "image": "images/vakulabharanam.png", 
        "small_image": ""
    }
},
{
    "pk": 3508, 
    "model": "data.image", 
    "fields": {
        "source": null, 
        "image": "images/charukesi.png", 
        "small_image": ""
    }
},
{
    "pk": 3509, 
    "model": "data.image", 
    "fields": {
        "source": null, 
        "image": "images/nasikabhushani.png", 
        "small_image": ""
    }
},
{
    "pk": 3515, 
    "model": "data.image", 
    "fields": {
        "source": null, 
        "image": "images/tanarupi.png", 
        "small_image": ""
    }
},
{
    "pk": 3516, 
    "model": "data.image", 
    "fields": {
        "source": null, 
        "image": "images/thilang.png", 
        "small_image": ""
    }
},
{
    "pk": 3519, 
    "model": "data.image", 
    "fields": {
        "source": null, 
        "image": "images/sama.png", 
        "small_image": ""
    }
},
{
    "pk": 3439, 
    "model": "data.image", 
    "fields": {
        "source": null, 
        "image": "images/nataguru.png", 
        "small_image": ""
    }
},
{
    "pk": 3490, 
    "model": "data.image", 
    "fields": {
        "source": null, 
        "image": "images/karnataka_shuddha_saveri.png", 
        "small_image": ""
    }
},
{
    "pk": 3418, 
    "model": "data.image", 
    "fields": {
        "source": null, 
        "image": "images/shuddha_saveri.png", 
        "small_image": ""
    }
}
]
