[
{
    "pk": 1, 
    "model": "carnatic.geographicregion", 
    "fields": {
        "name": "Andhra Pradesh"
    }
},
{
    "pk": 2, 
    "model": "carnatic.geographicregion", 
    "fields": {
        "name": "Karnataka"
    }
},
{
    "pk": 3, 
    "model": "carnatic.geographicregion", 
    "fields": {
        "name": "Kerala"
    }
},
{
    "pk": 4, 
    "model": "carnatic.geographicregion", 
    "fields": {
        "name": "Maharashtra"
    }
},
{
    "pk": 5, 
    "model": "carnatic.geographicregion", 
    "fields": {
        "name": "Tamil Nadu"
    }
},
{
    "pk": 1, 
    "model": "carnatic.raagaalias", 
    "fields": {
        "name": "abhogi", 
        "raaga": 2
    }
},
{
    "pk": 2, 
    "model": "carnatic.raagaalias", 
    "fields": {
        "name": "anadabhhairavi", 
        "raaga": 3
    }
},
{
    "pk": 3, 
    "model": "carnatic.raagaalias", 
    "fields": {
        "name": "ananda bairavi", 
        "raaga": 3
    }
},
{
    "pk": 4, 
    "model": "carnatic.raagaalias", 
    "fields": {
        "name": "ananda bhairavi", 
        "raaga": 3
    }
},
{
    "pk": 5, 
    "model": "carnatic.raagaalias", 
    "fields": {
        "name": "anandabhairavi", 
        "raaga": 3
    }
},
{
    "pk": 6, 
    "model": "carnatic.raagaalias", 
    "fields": {
        "name": "anandhabhairavi", 
        "raaga": 3
    }
},
{
    "pk": 7, 
    "model": "carnatic.raagaalias", 
    "fields": {
        "name": "behag", 
        "raaga": 9
    }
},
{
    "pk": 8, 
    "model": "carnatic.raagaalias", 
    "fields": {
        "name": "karnataka behag", 
        "raaga": 9
    }
},
{
    "pk": 9, 
    "model": "carnatic.raagaalias", 
    "fields": {
        "name": "bhairavi varnam", 
        "raaga": 10
    }
},
{
    "pk": 10, 
    "model": "carnatic.raagaalias", 
    "fields": {
        "name": "chakravaham", 
        "raaga": 12
    }
},
{
    "pk": 11, 
    "model": "carnatic.raagaalias", 
    "fields": {
        "name": "chakravaka", 
        "raaga": 12
    }
},
{
    "pk": 12, 
    "model": "carnatic.raagaalias", 
    "fields": {
        "name": "chakravakam", 
        "raaga": 12
    }
},
{
    "pk": 13, 
    "model": "carnatic.raagaalias", 
    "fields": {
        "name": "karnataka devagandhari", 
        "raaga": 14
    }
},
{
    "pk": 14, 
    "model": "carnatic.raagaalias", 
    "fields": {
        "name": "hamsashwani", 
        "raaga": 20
    }
},
{
    "pk": 15, 
    "model": "carnatic.raagaalias", 
    "fields": {
        "name": "hari kambhoji", 
        "raaga": 22
    }
},
{
    "pk": 16, 
    "model": "carnatic.raagaalias", 
    "fields": {
        "name": "harikambhoj", 
        "raaga": 22
    }
},
{
    "pk": 17, 
    "model": "carnatic.raagaalias", 
    "fields": {
        "name": "harikambhoji", 
        "raaga": 22
    }
},
{
    "pk": 18, 
    "model": "carnatic.raagaalias", 
    "fields": {
        "name": "harikamboji", 
        "raaga": 22
    }
},
{
    "pk": 19, 
    "model": "carnatic.raagaalias", 
    "fields": {
        "name": "harikhamboji", 
        "raaga": 22
    }
},
{
    "pk": 20, 
    "model": "carnatic.raagaalias", 
    "fields": {
        "name": "karnataka kapi", 
        "raaga": 26
    }
},
{
    "pk": 21, 
    "model": "carnatic.raagaalias", 
    "fields": {
        "name": "kambhoji", 
        "raaga": 29
    }
},
{
    "pk": 22, 
    "model": "carnatic.raagaalias", 
    "fields": {
        "name": "kamboji", 
        "raaga": 29
    }
},
{
    "pk": 23, 
    "model": "carnatic.raagaalias", 
    "fields": {
        "name": "khambhoji", 
        "raaga": 29
    }
},
{
    "pk": 24, 
    "model": "carnatic.raagaalias", 
    "fields": {
        "name": "manirangu", 
        "raaga": 35
    }
},
{
    "pk": 25, 
    "model": "carnatic.raagaalias", 
    "fields": {
        "name": "naswarali", 
        "raaga": 39
    }
},
{
    "pk": 26, 
    "model": "carnatic.raagaalias", 
    "fields": {
        "name": "naata", 
        "raaga": 41
    }
},
{
    "pk": 27, 
    "model": "carnatic.raagaalias", 
    "fields": {
        "name": "nata", 
        "raaga": 41
    }
},
{
    "pk": 28, 
    "model": "carnatic.raagaalias", 
    "fields": {
        "name": "karnataka shuddha saveri", 
        "raaga": 52
    }
},
{
    "pk": 29, 
    "model": "carnatic.raagaalias", 
    "fields": {
        "name": "sindh bhairavi", 
        "raaga": 53
    }
},
{
    "pk": 30, 
    "model": "carnatic.raagaalias", 
    "fields": {
        "name": "sindhu bhairavi", 
        "raaga": 53
    }
},
{
    "pk": 31, 
    "model": "carnatic.raagaalias", 
    "fields": {
        "name": "sindhubhairavi", 
        "raaga": 53
    }
},
{
    "pk": 32, 
    "model": "carnatic.raagaalias", 
    "fields": {
        "name": "sindubhairavi", 
        "raaga": 53
    }
},
{
    "pk": 1, 
    "model": "carnatic.raaga", 
    "fields": {
        "name": "abheri"
    }
},
{
    "pk": 2, 
    "model": "carnatic.raaga", 
    "fields": {
        "name": "abhogi"
    }
},
{
    "pk": 3, 
    "model": "carnatic.raaga", 
    "fields": {
        "name": "anandabhairavi"
    }
},
{
    "pk": 4, 
    "model": "carnatic.raaga", 
    "fields": {
        "name": "arabhi"
    }
},
{
    "pk": 5, 
    "model": "carnatic.raaga", 
    "fields": {
        "name": "asaveri"
    }
},
{
    "pk": 6, 
    "model": "carnatic.raaga", 
    "fields": {
        "name": "atana"
    }
},
{
    "pk": 7, 
    "model": "carnatic.raaga", 
    "fields": {
        "name": "bahudari"
    }
},
{
    "pk": 8, 
    "model": "carnatic.raaga", 
    "fields": {
        "name": "begada"
    }
},
{
    "pk": 9, 
    "model": "carnatic.raaga", 
    "fields": {
        "name": "behag"
    }
},
{
    "pk": 10, 
    "model": "carnatic.raaga", 
    "fields": {
        "name": "bhairavi"
    }
},
{
    "pk": 11, 
    "model": "carnatic.raaga", 
    "fields": {
        "name": "bilahari"
    }
},
{
    "pk": 12, 
    "model": "carnatic.raaga", 
    "fields": {
        "name": "chakravaka"
    }
},
{
    "pk": 13, 
    "model": "carnatic.raaga", 
    "fields": {
        "name": "darbar"
    }
},
{
    "pk": 14, 
    "model": "carnatic.raaga", 
    "fields": {
        "name": "devagandhari"
    }
},
{
    "pk": 15, 
    "model": "carnatic.raaga", 
    "fields": {
        "name": "devamanohari"
    }
},
{
    "pk": 16, 
    "model": "carnatic.raaga", 
    "fields": {
        "name": "dhanashri"
    }
},
{
    "pk": 17, 
    "model": "carnatic.raaga", 
    "fields": {
        "name": "dhanyasi"
    }
},
{
    "pk": 18, 
    "model": "carnatic.raaga", 
    "fields": {
        "name": "dheerasankarabharanam"
    }
},
{
    "pk": 19, 
    "model": "carnatic.raaga", 
    "fields": {
        "name": "gowla"
    }
},
{
    "pk": 20, 
    "model": "carnatic.raaga", 
    "fields": {
        "name": "hamsadhvani"
    }
},
{
    "pk": 21, 
    "model": "carnatic.raaga", 
    "fields": {
        "name": "hamsanandi"
    }
},
{
    "pk": 22, 
    "model": "carnatic.raaga", 
    "fields": {
        "name": "hari kambhoji"
    }
},
{
    "pk": 23, 
    "model": "carnatic.raaga", 
    "fields": {
        "name": "hindolam"
    }
},
{
    "pk": 24, 
    "model": "carnatic.raaga", 
    "fields": {
        "name": "jaganmohini"
    }
},
{
    "pk": 25, 
    "model": "carnatic.raaga", 
    "fields": {
        "name": "jaunpuri"
    }
},
{
    "pk": 26, 
    "model": "carnatic.raaga", 
    "fields": {
        "name": "kaapi"
    }
},
{
    "pk": 27, 
    "model": "carnatic.raaga", 
    "fields": {
        "name": "kalyani"
    }
},
{
    "pk": 28, 
    "model": "carnatic.raaga", 
    "fields": {
        "name": "kamas"
    }
},
{
    "pk": 29, 
    "model": "carnatic.raaga", 
    "fields": {
        "name": "kambhoji"
    }
},
{
    "pk": 30, 
    "model": "carnatic.raaga", 
    "fields": {
        "name": "kanada"
    }
},
{
    "pk": 31, 
    "model": "carnatic.raaga", 
    "fields": {
        "name": "karaharapriya"
    }
},
{
    "pk": 32, 
    "model": "carnatic.raaga", 
    "fields": {
        "name": "kedaragaula"
    }
},
{
    "pk": 33, 
    "model": "carnatic.raaga", 
    "fields": {
        "name": "kuntalavarali"
    }
},
{
    "pk": 34, 
    "model": "carnatic.raaga", 
    "fields": {
        "name": "madhyamavathi"
    }
},
{
    "pk": 35, 
    "model": "carnatic.raaga", 
    "fields": {
        "name": "manirangu"
    }
},
{
    "pk": 36, 
    "model": "carnatic.raaga", 
    "fields": {
        "name": "manji"
    }
},
{
    "pk": 37, 
    "model": "carnatic.raaga", 
    "fields": {
        "name": "mohanam"
    }
},
{
    "pk": 38, 
    "model": "carnatic.raaga", 
    "fields": {
        "name": "mukhari"
    }
},
{
    "pk": 39, 
    "model": "carnatic.raaga", 
    "fields": {
        "name": "nagasvarali"
    }
},
{
    "pk": 40, 
    "model": "carnatic.raaga", 
    "fields": {
        "name": "natakurinji"
    }
},
{
    "pk": 41, 
    "model": "carnatic.raaga", 
    "fields": {
        "name": "nattai"
    }
},
{
    "pk": 42, 
    "model": "carnatic.raaga", 
    "fields": {
        "name": "pantuvarali"
    }
},
{
    "pk": 43, 
    "model": "carnatic.raaga", 
    "fields": {
        "name": "poorikalyani"
    }
},
{
    "pk": 44, 
    "model": "carnatic.raaga", 
    "fields": {
        "name": "ranjani"
    }
},
{
    "pk": 45, 
    "model": "carnatic.raaga", 
    "fields": {
        "name": "reethi gowlai"
    }
},
{
    "pk": 46, 
    "model": "carnatic.raaga", 
    "fields": {
        "name": "sahana"
    }
},
{
    "pk": 47, 
    "model": "carnatic.raaga", 
    "fields": {
        "name": "saurashtram"
    }
},
{
    "pk": 48, 
    "model": "carnatic.raaga", 
    "fields": {
        "name": "senchurutti"
    }
},
{
    "pk": 49, 
    "model": "carnatic.raaga", 
    "fields": {
        "name": "shanmukhapriya"
    }
},
{
    "pk": 50, 
    "model": "carnatic.raaga", 
    "fields": {
        "name": "shree"
    }
},
{
    "pk": 51, 
    "model": "carnatic.raaga", 
    "fields": {
        "name": "shree ranjani"
    }
},
{
    "pk": 52, 
    "model": "carnatic.raaga", 
    "fields": {
        "name": "shuddha saveri"
    }
},
{
    "pk": 53, 
    "model": "carnatic.raaga", 
    "fields": {
        "name": "sindhu bhairavi"
    }
},
{
    "pk": 54, 
    "model": "carnatic.raaga", 
    "fields": {
        "name": "surati"
    }
},
{
    "pk": 55, 
    "model": "carnatic.raaga", 
    "fields": {
        "name": "thodi"
    }
},
{
    "pk": 56, 
    "model": "carnatic.raaga", 
    "fields": {
        "name": "vachaspati"
    }
},
{
    "pk": 57, 
    "model": "carnatic.raaga", 
    "fields": {
        "name": "varali"
    }
},
{
    "pk": 58, 
    "model": "carnatic.raaga", 
    "fields": {
        "name": "vasanta"
    }
},
{
    "pk": 59, 
    "model": "carnatic.raaga", 
    "fields": {
        "name": "yadukula kambhoji"
    }
},
{
    "pk": 1, 
    "model": "carnatic.taalaalias", 
    "fields": {
        "name": "adi(tisra/khanda/chatusra)", 
        "taala": 1
    }
},
{
    "pk": 2, 
    "model": "carnatic.taalaalias", 
    "fields": {
        "name": "triputa", 
        "taala": 1
    }
},
{
    "pk": 3, 
    "model": "carnatic.taalaalias", 
    "fields": {
        "name": "chaturasra rupakam", 
        "taala": 2
    }
},
{
    "pk": 4, 
    "model": "carnatic.taalaalias", 
    "fields": {
        "name": "chatusra rupakam", 
        "taala": 2
    }
},
{
    "pk": 5, 
    "model": "carnatic.taalaalias", 
    "fields": {
        "name": "chatusra rupakam khanda gathi", 
        "taala": 2
    }
},
{
    "pk": 6, 
    "model": "carnatic.taalaalias", 
    "fields": {
        "name": "chapu", 
        "taala": 3
    }
},
{
    "pk": 7, 
    "model": "carnatic.taalaalias", 
    "fields": {
        "name": "misra laghu", 
        "taala": 3
    }
},
{
    "pk": 8, 
    "model": "carnatic.taalaalias", 
    "fields": {
        "name": "misram", 
        "taala": 3
    }
},
{
    "pk": 9, 
    "model": "carnatic.taalaalias", 
    "fields": {
        "name": "chaturashra eka", 
        "taala": 5
    }
},
{
    "pk": 10, 
    "model": "carnatic.taalaalias", 
    "fields": {
        "name": "ekam", 
        "taala": 5
    }
},
{
    "pk": 11, 
    "model": "carnatic.taalaalias", 
    "fields": {
        "name": "jampe", 
        "taala": 9
    }
},
{
    "pk": 12, 
    "model": "carnatic.taalaalias", 
    "fields": {
        "name": "jhampa", 
        "taala": 9
    }
},
{
    "pk": 13, 
    "model": "carnatic.taalaalias", 
    "fields": {
        "name": "jhaptal", 
        "taala": 9
    }
},
{
    "pk": 14, 
    "model": "carnatic.taalaalias", 
    "fields": {
        "name": "tisra triputa tisra gathi", 
        "taala": 10
    }
},
{
    "pk": 15, 
    "model": "carnatic.taalaalias", 
    "fields": {
        "name": "ata", 
        "taala": 11
    }
},
{
    "pk": 16, 
    "model": "carnatic.taalaalias", 
    "fields": {
        "name": "khanda ata", 
        "taala": 11
    }
},
{
    "pk": 17, 
    "model": "carnatic.taalaalias", 
    "fields": {
        "name": "khanda jati ata", 
        "taala": 11
    }
},
{
    "pk": 18, 
    "model": "carnatic.taalaalias", 
    "fields": {
        "name": "khanda atta", 
        "taala": 11
    }
},
{
    "pk": 19, 
    "model": "carnatic.taalaalias", 
    "fields": {
        "name": "adi (tisram)", 
        "taala": 12
    }
},
{
    "pk": 20, 
    "model": "carnatic.taalaalias", 
    "fields": {
        "name": "adi tisra", 
        "taala": 12
    }
},
{
    "pk": 21, 
    "model": "carnatic.taalaalias", 
    "fields": {
        "name": "tisra gati adi", 
        "taala": 12
    }
},
{
    "pk": 22, 
    "model": "carnatic.taalaalias", 
    "fields": {
        "name": "tisra nadai", 
        "taala": 12
    }
},
{
    "pk": 23, 
    "model": "carnatic.taalaalias", 
    "fields": {
        "name": "chatusra jhampa", 
        "taala": 13
    }
},
{
    "pk": 24, 
    "model": "carnatic.taalaalias", 
    "fields": {
        "name": "chatusra jati jhampe", 
        "taala": 13
    }
},
{
    "pk": 25, 
    "model": "carnatic.taalaalias", 
    "fields": {
        "name": "desadi", 
        "taala": 14
    }
},
{
    "pk": 26, 
    "model": "carnatic.taalaalias", 
    "fields": {
        "name": "khanda triputa", 
        "taala": 15
    }
},
{
    "pk": 27, 
    "model": "carnatic.taalaalias", 
    "fields": {
        "name": "kanda triputa", 
        "taala": 15
    }
},
{
    "pk": 28, 
    "model": "carnatic.taalaalias", 
    "fields": {
        "name": "khanda ekam", 
        "taala": 16
    }
},
{
    "pk": 29, 
    "model": "carnatic.taalaalias", 
    "fields": {
        "name": "madhyad", 
        "taala": 17
    }
},
{
    "pk": 30, 
    "model": "carnatic.taalaalias", 
    "fields": {
        "name": "misra rupakam", 
        "taala": 19
    }
},
{
    "pk": 1, 
    "model": "carnatic.taala", 
    "fields": {
        "name": "adi"
    }
},
{
    "pk": 2, 
    "model": "carnatic.taala", 
    "fields": {
        "name": "rupaka"
    }
},
{
    "pk": 3, 
    "model": "carnatic.taala", 
    "fields": {
        "name": "mishra chapu"
    }
},
{
    "pk": 4, 
    "model": "carnatic.taala", 
    "fields": {
        "name": "khanda chapu"
    }
},
{
    "pk": 5, 
    "model": "carnatic.taala", 
    "fields": {
        "name": "eka"
    }
},
{
    "pk": 6, 
    "model": "carnatic.taala", 
    "fields": {
        "name": "tishra eka"
    }
},
{
    "pk": 7, 
    "model": "carnatic.taala", 
    "fields": {
        "name": "dhruva"
    }
},
{
    "pk": 8, 
    "model": "carnatic.taala", 
    "fields": {
        "name": "matya"
    }
},
{
    "pk": 9, 
    "model": "carnatic.taala", 
    "fields": {
        "name": "mishra jhampe"
    }
},
{
    "pk": 10, 
    "model": "carnatic.taala", 
    "fields": {
        "name": "tishra triputa"
    }
},
{
    "pk": 11, 
    "model": "carnatic.taala", 
    "fields": {
        "name": "atta"
    }
},
{
    "pk": 12, 
    "model": "carnatic.taala", 
    "fields": {
        "name": "adi (tishra nade)"
    }
},
{
    "pk": 13, 
    "model": "carnatic.taala", 
    "fields": {
        "name": "chaturashra-jaati jhampe"
    }
},
{
    "pk": 14, 
    "model": "carnatic.taala", 
    "fields": {
        "name": "deshadi"
    }
},
{
    "pk": 15, 
    "model": "carnatic.taala", 
    "fields": {
        "name": "khanda-jaati triputa"
    }
},
{
    "pk": 16, 
    "model": "carnatic.taala", 
    "fields": {
        "name": "khanda-jaati eka"
    }
},
{
    "pk": 17, 
    "model": "carnatic.taala", 
    "fields": {
        "name": "madhyadi"
    }
},
{
    "pk": 18, 
    "model": "carnatic.taala", 
    "fields": {
        "name": "mahalakshmi"
    }
},
{
    "pk": 19, 
    "model": "carnatic.taala", 
    "fields": {
        "name": "mishra-jaati rupaka"
    }
},
{
    "pk": 1, 
    "model": "carnatic.instrumentalias", 
    "fields": {
        "instrument": 7, 
        "name": "Venu"
    }
},
{
    "pk": 2, 
    "model": "carnatic.instrumentalias", 
    "fields": {
        "instrument": 11, 
        "name": "kanjira"
    }
},
{
    "pk": 3, 
    "model": "carnatic.instrumentalias", 
    "fields": {
        "instrument": 16, 
        "name": "Gotuvadyam"
    }
},
{
    "pk": 4, 
    "model": "carnatic.instrumentalias", 
    "fields": {
        "instrument": 16, 
        "name": "Gotthuvadyam"
    }
},
{
    "pk": 5, 
    "model": "carnatic.instrumentalias", 
    "fields": {
        "instrument": 20, 
        "name": "Shruti Box"
    }
},
{
    "pk": 1, 
    "model": "carnatic.instrument", 
    "fields": {
        "source": null, 
        "name": "Name"
    }
},
{
    "pk": 2, 
    "model": "carnatic.instrument", 
    "fields": {
        "source": null, 
        "name": "Vocal"
    }
},
{
    "pk": 3, 
    "model": "carnatic.instrument", 
    "fields": {
        "source": null, 
        "name": "Violin"
    }
},
{
    "pk": 4, 
    "model": "carnatic.instrument", 
    "fields": {
        "source": null, 
        "name": "Mridangam"
    }
},
{
    "pk": 5, 
    "model": "carnatic.instrument", 
    "fields": {
        "source": null, 
        "name": "Tambura"
    }
},
{
    "pk": 6, 
    "model": "carnatic.instrument", 
    "fields": {
        "source": null, 
        "name": "Veena"
    }
},
{
    "pk": 7, 
    "model": "carnatic.instrument", 
    "fields": {
        "source": null, 
        "name": "Flute"
    }
},
{
    "pk": 8, 
    "model": "carnatic.instrument", 
    "fields": {
        "source": null, 
        "name": "Mandolin"
    }
},
{
    "pk": 9, 
    "model": "carnatic.instrument", 
    "fields": {
        "source": null, 
        "name": "Saxophone"
    }
},
{
    "pk": 10, 
    "model": "carnatic.instrument", 
    "fields": {
        "source": null, 
        "name": "Ghatam"
    }
},
{
    "pk": 11, 
    "model": "carnatic.instrument", 
    "fields": {
        "source": null, 
        "name": "Khanjira"
    }
},
{
    "pk": 12, 
    "model": "carnatic.instrument", 
    "fields": {
        "source": null, 
        "name": "Morsing"
    }
},
{
    "pk": 13, 
    "model": "carnatic.instrument", 
    "fields": {
        "source": null, 
        "name": "Konnakol"
    }
},
{
    "pk": 14, 
    "model": "carnatic.instrument", 
    "fields": {
        "source": null, 
        "name": "Gettuvadyam"
    }
},
{
    "pk": 15, 
    "model": "carnatic.instrument", 
    "fields": {
        "source": null, 
        "name": "Jalatarang"
    }
},
{
    "pk": 16, 
    "model": "carnatic.instrument", 
    "fields": {
        "source": null, 
        "name": "Chitraveena"
    }
},
{
    "pk": 17, 
    "model": "carnatic.instrument", 
    "fields": {
        "source": null, 
        "name": "Chanda"
    }
},
{
    "pk": 18, 
    "model": "carnatic.instrument", 
    "fields": {
        "source": null, 
        "name": "Maddala"
    }
},
{
    "pk": 19, 
    "model": "carnatic.instrument", 
    "fields": {
        "source": null, 
        "name": "Talam"
    }
},
{
    "pk": 20, 
    "model": "carnatic.instrument", 
    "fields": {
        "source": null, 
        "name": "Electronic tambura"
    }
},
{
    "pk": 21, 
    "model": "carnatic.instrument", 
    "fields": {
        "source": null, 
        "name": "Saraswati veena"
    }
},
{
    "pk": 22, 
    "model": "carnatic.instrument", 
    "fields": {
        "source": null, 
        "name": "Thavil"
    }
}
]
