[
{
    "model": "hindustani.taal",
    "pk": 1,
    "fields": {
        "name": "\u0100dh\u0101/ja\u1e6d",
        "common_name": "Aadhaa/jat",
        "num_maatras": 8,
        "uuid": "7dc1f8ef-0973-4ac8-a2cc-9ba42579b26a",
        "image": null
    }
},
{
    "model": "hindustani.taal",
    "pk": 2,
    "fields": {
        "name": "\u0100dh\u0101 caut\u0101l",
        "common_name": "Ada chautal",
        "num_maatras": 14,
        "uuid": "2298fb12-5988-438a-b759-709b4d24e019",
        "image": null
    }
},
{
    "model": "hindustani.taal",
    "pk": 3,
    "fields": {
        "name": "\u0100dh\u0101",
        "common_name": "Addha",
        "num_maatras": 16,
        "uuid": "64b91d2e-7b2b-4098-9529-ae079a7ee958",
        "image": null
    }
},
{
    "model": "hindustani.taal",
    "pk": 5,
    "fields": {
        "name": "\u0100di",
        "common_name": "Adi",
        "num_maatras": 32,
        "uuid": "a6d2e431-37ff-4480-b5b1-ce244ad0e2b4",
        "image": null
    }
},
{
    "model": "hindustani.taal",
    "pk": 7,
    "fields": {
        "name": "C\u0101r t\u0101l",
        "common_name": "Char taal",
        "num_maatras": null,
        "uuid": "99fdfcbd-15c2-4045-8d23-81fdb36349e3",
        "image": null
    }
},
{
    "model": "hindustani.taal",
    "pk": 8,
    "fields": {
        "name": "C\u0101rt\u0101l k\u012b sav\u0101r\u012b",
        "common_name": "Chartal ki sawari",
        "num_maatras": 11,
        "uuid": "64606e39-82b8-4185-beb9-81848eab9822",
        "image": null
    }
},
{
    "model": "hindustani.taal",
    "pk": 9,
    "fields": {
        "name": "Caut\u0101l",
        "common_name": "Chautal",
        "num_maatras": 12,
        "uuid": "3dfa3651-c6e3-4bf5-8cab-8d863038266a",
        "image": null
    }
},
{
    "model": "hindustani.taal",
    "pk": 10,
    "fields": {
        "name": "D\u0101dr\u0101",
        "common_name": "Dadra",
        "num_maatras": 6,
        "uuid": "5a1ea73c-e9e3-4810-b6f8-fb366f8679f4",
        "image": null
    }
},
{
    "model": "hindustani.taal",
    "pk": 11,
    "fields": {
        "name": "D\u012bpaca\u1e47\u1e0d\u012b",
        "common_name": "Deepchandi",
        "num_maatras": 14,
        "uuid": "31c91eac-6322-4c7c-8aab-9da104271283",
        "image": null
    }
},
{
    "model": "hindustani.taal",
    "pk": 12,
    "fields": {
        "name": "Dhamar",
        "common_name": "Dhamar",
        "num_maatras": 14,
        "uuid": "0663c080-476e-42f7-a605-620bac1e9935",
        "image": null
    }
},
{
    "model": "hindustani.taal",
    "pk": 13,
    "fields": {
        "name": "\u0113kt\u0101l",
        "common_name": "Ektaal",
        "num_maatras": 12,
        "uuid": "7cb20903-5f64-4f15-8713-2fb4fcca2b5b",
        "image": 4317
    }
},
{
    "model": "hindustani.taal",
    "pk": 14,
    "fields": {
        "name": "Ja\u1e6d",
        "common_name": "Jatt",
        "num_maatras": 8,
        "uuid": "2af2c54e-bd09-47b4-9122-7bd3ade158b4",
        "image": null
    }
},
{
    "model": "hindustani.taal",
    "pk": 15,
    "fields": {
        "name": "Jhapt\u0101l",
        "common_name": "Jhaptaal",
        "num_maatras": 10,
        "uuid": "74c68999-a018-427b-973d-11bf49b6bd71",
        "image": 4318
    }
},
{
    "model": "hindustani.taal",
    "pk": 16,
    "fields": {
        "name": "Jh\u016bmr\u0101",
        "common_name": "Jhoomra",
        "num_maatras": 14,
        "uuid": "939c7d35-7acc-4ab6-855f-4b70000805a4",
        "image": null
    }
},
{
    "model": "hindustani.taal",
    "pk": 17,
    "fields": {
        "name": "K\u0113harv\u0101",
        "common_name": "Keherwa",
        "num_maatras": 8,
        "uuid": "b1f2c28f-bf10-4d0d-87a3-286f9d491584",
        "image": null
    }
},
{
    "model": "hindustani.taal",
    "pk": 18,
    "fields": {
        "name": "Kh\u0113mt\u0101l",
        "common_name": "Khemtal",
        "num_maatras": null,
        "uuid": "bda2e516-5539-4622-b7da-b949bff4abb7",
        "image": null
    }
},
{
    "model": "hindustani.taal",
    "pk": 19,
    "fields": {
        "name": "Ma\u1e6d\u1e6d\u0101",
        "common_name": "Matta",
        "num_maatras": 9,
        "uuid": "3c7a48f2-fced-4b90-8198-180d7c101ec9",
        "image": null
    }
},
{
    "model": "hindustani.taal",
    "pk": 20,
    "fields": {
        "name": "Pan\u0304cam sav\u0101r\u012b",
        "common_name": "Pancham savari",
        "num_maatras": 15,
        "uuid": "7e296e2e-2b8e-4ab6-8039-34ed06c03d18",
        "image": null
    }
},
{
    "model": "hindustani.taal",
    "pk": 21,
    "fields": {
        "name": "Pan\u0304j\u0101b\u012b ",
        "common_name": "Panjabi",
        "num_maatras": 16,
        "uuid": "29da24cc-9f46-49f9-b4eb-ad25297516a5",
        "image": null
    }
},
{
    "model": "hindustani.taal",
    "pk": 22,
    "fields": {
        "name": "R\u016bpak",
        "common_name": "Rupak",
        "num_maatras": 7,
        "uuid": "a0b78215-e99c-41e0-bf26-92e723e29cd2",
        "image": 4320
    }
},
{
    "model": "hindustani.taal",
    "pk": 25,
    "fields": {
        "name": "\u015bikhar",
        "common_name": "Shikhar",
        "num_maatras": 17,
        "uuid": "68f2e853-c730-4ea0-bd10-b61d657d183a",
        "image": null
    }
},
{
    "model": "hindustani.taal",
    "pk": 26,
    "fields": {
        "name": "Sit\u0101rkh\u0101n\u012b",
        "common_name": "Sitarkhani",
        "num_maatras": 16,
        "uuid": "84c7bb74-a6ee-4619-b1b7-9798791dc51c",
        "image": null
    }
},
{
    "model": "hindustani.taal",
    "pk": 28,
    "fields": {
        "name": "S\u016blt\u0101l",
        "common_name": "Sooltal",
        "num_maatras": 10,
        "uuid": "12fb49bd-543a-4a0d-818b-1307c88f1f2a",
        "image": null
    }
},
{
    "model": "hindustani.taal",
    "pk": 29,
    "fields": {
        "name": "T\u012bnt\u0101l",
        "common_name": "Teentaal",
        "num_maatras": 16,
        "uuid": "1ec9a7ab-8575-4cbe-b775-fac17e633f35",
        "image": 4321
    }
},
{
    "model": "hindustani.taal",
    "pk": 30,
    "fields": {
        "name": "T\u012bnt\u0101l-sit\u0101rkh\u0101n\u012b",
        "common_name": "Teental-sitarkhani",
        "num_maatras": 16,
        "uuid": "37a11297-d538-4bc0-9c9e-ae9780e1db7e",
        "image": null
    }
},
{
    "model": "hindustani.taal",
    "pk": 31,
    "fields": {
        "name": "Tilav\u0101\u1e0d\u0101",
        "common_name": "Tilwada",
        "num_maatras": 16,
        "uuid": "738e07c4-538e-461a-b0bb-962f2e4c5baf",
        "image": null
    }
},
{
    "model": "hindustani.taal",
    "pk": 32,
    "fields": {
        "name": "Ikv\u0101i",
        "common_name": "ikwai",
        "num_maatras": null,
        "uuid": "a7ef4dd0-debf-4418-9ead-6731e7f7a4ce",
        "image": null
    }
},
{
    "model": "hindustani.taalalias",
    "pk": 1,
    "fields": {
        "name": "adachautal",
        "taal": 2
    }
},
{
    "model": "hindustani.taalalias",
    "pk": 2,
    "fields": {
        "name": "addha tal",
        "taal": 3
    }
},
{
    "model": "hindustani.taalalias",
    "pk": 3,
    "fields": {
        "name": "ektal",
        "taal": 13
    }
},
{
    "model": "hindustani.taalalias",
    "pk": 4,
    "fields": {
        "name": "jhaptal",
        "taal": 15
    }
},
{
    "model": "hindustani.taalalias",
    "pk": 5,
    "fields": {
        "name": "jhumra",
        "taal": 16
    }
},
{
    "model": "hindustani.taalalias",
    "pk": 6,
    "fields": {
        "name": "keharwa",
        "taal": 17
    }
},
{
    "model": "hindustani.taalalias",
    "pk": 7,
    "fields": {
        "name": "matta tal",
        "taal": 19
    }
},
{
    "model": "hindustani.taalalias",
    "pk": 8,
    "fields": {
        "name": "punjabi taal",
        "taal": 21
    }
},
{
    "model": "hindustani.taalalias",
    "pk": 9,
    "fields": {
        "name": "sul",
        "taal": 28
    }
},
{
    "model": "hindustani.taalalias",
    "pk": 10,
    "fields": {
        "name": "teen tal",
        "taal": 29
    }
},
{
    "model": "hindustani.taalalias",
    "pk": 11,
    "fields": {
        "name": "teental",
        "taal": 29
    }
},
{
    "model": "hindustani.taalalias",
    "pk": 12,
    "fields": {
        "name": "tilwara",
        "taal": 31
    }
},
{
    "model": "hindustani.taalalias",
    "pk": 13,
    "fields": {
        "name": "teenal",
        "taal": 29
    }
},
{
    "model": "hindustani.taalalias",
    "pk": 14,
    "fields": {
        "name": "teetal",
        "taal": 29
    }
},
{
    "model": "hindustani.taalalias",
    "pk": 15,
    "fields": {
        "name": "chachar",
        "taal": 11
    }
},
{
    "model": "hindustani.taalalias",
    "pk": 16,
    "fields": {
        "name": "Chachar tal",
        "taal": 11
    }
},
{
    "model": "hindustani.taalalias",
    "pk": 17,
    "fields": {
        "name": "Addha teental",
        "taal": 3
    }
},
{
    "model": "hindustani.taalalias",
    "pk": 18,
    "fields": {
        "name": "Sool fakhta",
        "taal": 28
    }
},
{
    "model": "hindustani.taalalias",
    "pk": 19,
    "fields": {
        "name": "Sul phakta",
        "taal": 28
    }
},
{
    "model": "hindustani.taalalias",
    "pk": 20,
    "fields": {
        "name": "savari",
        "taal": 8
    }
},
{
    "model": "hindustani.taalalias",
    "pk": 21,
    "fields": {
        "name": "savari tal",
        "taal": 8
    }
},
{
    "model": "hindustani.taalalias",
    "pk": 22,
    "fields": {
        "name": "adhya",
        "taal": 3
    }
},
{
    "model": "hindustani.taalalias",
    "pk": 23,
    "fields": {
        "name": "Jat",
        "taal": 14
    }
},
{
    "model": "hindustani.taalalias",
    "pk": 24,
    "fields": {
        "name": "Roopak",
        "taal": 22
    }
},
{
    "model": "hindustani.taalalias",
    "pk": 25,
    "fields": {
        "name": "ikvai",
        "taal": 32
    }
},
{
    "model": "data.image",
    "pk": 4317,
    "fields": {
        "source": null,
        "image": "images/Ektaal.png",
        "small_image": ""
    }
},
{
    "model": "data.image",
    "pk": 4318,
    "fields": {
        "source": null,
        "image": "images/Jhaptaal.png",
        "small_image": ""
    }
},
{
    "model": "data.image",
    "pk": 4320,
    "fields": {
        "source": null,
        "image": "images/Rupak.png",
        "small_image": ""
    }
},
{
    "model": "data.image",
    "pk": 4321,
    "fields": {
        "source": null,
        "image": "images/Teentaal.png",
        "small_image": ""
    }
}
]
